Date,High,Low,Open,Close,Volume,Adj Close,atr,high-open,High 5 day average,Low
1/2/2019,19,17.97999954,18.01000023,18.82999992,87148700,18.82999992,1.020000458,0.054969448,,
1/3/2019,18.68000031,16.94000053,18.42000008,17.04999924,117277600,17.04999924,1.739999771,0.014115105,,
1/4/2019,19.06999969,17.43000031,17.54999924,19,111878600,19,1.63999939,0.086609716,,
1/7/2019,20.68000031,19,19.44000053,20.56999969,107157000,20.56999969,1.680000305,0.063785995,,
1/8/2019,21.20000076,19.68000031,21.19000053,20.75,121271000,20.75,1.520000458,0.000471932,,
1/9/2019,21.44000053,20.06999969,20.88999939,20.19000053,163944100,20.19000053,1.370000839,0.026328442,19.72600021,18.20600014
1/10/2019,19.82999992,18.89999962,19.76000023,19.73999977,115629400,19.73999977,0.930000305,0.003542495,20.21400032,18.62400017
1/11/2019,20.35000038,19.19000053,19.46999931,20.27000046,85110800,20.27000046,1.159999847,0.045197797,20.44400024,19.01599998
1/14/2019,20.62000084,19.75,19.95999908,20.22999954,71350200,20.22999954,0.870000839,0.033066222,20.70000038,19.36800003
1/15/2019,20.68000031,20.26000023,20.44000053,20.37999916,62785800,20.37999916,0.420000076,0.011741671,20.68800049,19.51800003
1/16/2019,20.54000092,19.70999908,20.39999962,19.72999954,70849300,19.72999954,0.830001831,0.006862809,20.5840004,19.63400002
1/17/2019,20.51000023,19.02000046,19.48999977,20.25,85018400,20.25,1.489999771,0.052334555,20.40400047,19.56199989
1/18/2019,21.04999924,20.02000046,20.37000084,20.77000046,88131000,20.77000046,1.029998779,0.033382345,20.54000053,19.58600006
1/22/2019,20.92000008,19.70000076,20.47999954,19.76000023,78513700,19.76000023,1.219999313,0.021484402,20.68000031,19.75200005
1/23/2019,20.47999954,19.54999924,20.03000069,19.79999924,77811300,19.79999924,0.930000305,0.022466243,20.74000015,19.7420002
1/24/2019,21.01000023,20.04000092,20.05999947,20.85000038,97433400,20.85000038,0.969999313,0.047357966,20.7,19.6
1/25/2019,22.03000069,20.79000092,20.98999977,21.93000031,110239500,21.93000031,1.239999771,0.049547448,20.79399986,19.66600037
1/28/2019,21.01000023,20.02000046,20.31999969,20.18000031,135164100,20.18000031,0.989999771,0.03395672,21.09799995,20.02000046
1/29/2019,20.38999939,19.04999924,20.26000023,19.25,131202500,19.25,1.340000153,0.006416543,21.09000015,20.02000046
1/30/2019,23.12999916,21.37000084,21.48999977,23.09000015,211421200,23.09000015,1.759998322,0.076314537,20.98400002,19.89000015
1/31/2019,25.13999939,22.82999992,23.02000046,24.40999985,182575600,24.40999985,2.309999466,0.092093783,21.51399994,20.25400047
2/1/2019,24.84000015,24.06999969,24.61000061,24.51000023,105356200,24.51000023,0.770000458,0.009345776,22.33999977,20.81200027
2/4/2019,24.65999985,24.06999969,24.43000031,24.12999916,70843800,24.12999916,0.590000153,0.009414635,22.90199966,21.46800003
2/5/2019,23.86000061,22.97999954,23.42000008,23.30999947,122226000,23.30999947,0.880001068,0.018787384,23.63199959,22.27799988
2/6/2019,24.13999939,23.21999931,23.62999916,23.26000023,78684300,23.26000023,0.920000076,0.021582744,24.32599983,23.06399994
2/7/2019,23.21999931,22.31999969,22.98999977,22.67000008,86723900,22.67000008,0.899999619,0.01000433,24.52799988,23.43399963
2/8/2019,23.28000069,22.27000046,22.32999992,23.04999924,78129300,23.04999924,1.010000229,0.042543698,24.14399986,23.33199959
2/11/2019,23.28000069,22.65999985,23.04999924,22.95999908,60578700,22.95999908,0.620000839,0.009978371,23.83199997,22.97199974
2/12/2019,23.55999947,22.75,23.43000031,22.81999969,67595400,22.81999969,0.809999466,0.005548406,23.55600014,22.68999977
2/13/2019,23.23999977,22.70999908,22.97999954,22.85000038,57544200,22.85000038,0.530000687,0.011314196,23.49599991,22.64399986
2/14/2019,23.37000084,22.59000015,22.73999977,23.12999916,64441200,23.12999916,0.780000687,0.027704533,23.31599998,22.54199982
2/15/2019,24.04999924,23.20000076,23.57999992,23.68000031,78644100,23.68000031,0.849998474,0.019932117,23.34600029,22.59599991
2/19/2019,24.40999985,23.61000061,23.62999916,23.95000076,57517900,23.95000076,0.799999237,0.033008917,23.5,22.78199997
2/20/2019,24.37000084,23.89999962,24.13999939,23.95000076,57091600,23.95000076,0.470001221,0.009527815,23.72599983,22.97200012
2/21/2019,24.32999992,23.85000038,24.04000092,23.92000008,49608200,23.92000008,0.479999542,0.012063186,23.88800011,23.20200005
2/22/2019,24.36000061,23.87999916,24.04999924,24.36000061,52650700,24.36000061,0.48000145,0.01288987,24.10600014,23.43000031
2/25/2019,25.52000046,24.68000031,25.01000023,24.70999908,63221000,24.70999908,0.840000153,0.020391852,24.30400009,23.68800011
2/26/2019,24.71999931,24.14999962,24.64999962,24.20999908,48470100,24.20999908,0.569999695,0.002839744,24.59800034,23.98400002
2/27/2019,24.22999954,23.20999908,24.11000061,23.47999954,62649300,23.47999954,1.020000458,0.004977143,24.66000023,24.09199982
2/28/2019,23.67000008,23.11000061,23.20999908,23.53000069,39384900,23.53000069,0.559999466,0.019819087,24.63199997,23.95399971
3/1/2019,24.19000053,23.45000076,23.96999931,23.68000031,48084000,23.68000031,0.739999771,0.009178191,24.5,23.80599976
3/4/2019,24.12999916,23.01000023,23.88999939,23.37000084,48147700,23.37000084,1.119998932,0.010046035,24.46599998,23.72000008
3/5/2019,23.68000031,23.01000023,23.34000015,23.5,35462600,23.5,0.670000076,0.014567273,24.18799973,23.38600006
3/6/2019,23.53000069,22.39999962,23.46999931,22.40999985,60479400,22.40999985,1.130001068,0.002556514,23.97999992,23.15800018
3/7/2019,22.40999985,21.72999954,22.32999992,22.07999992,52186300,22.07999992,0.680000305,0.003582621,23.84000015,22.99600029
3/8/2019,22.09000015,21.04000092,21.35000038,22.01000023,49967700,22.01000023,1.049999237,0.03466041,23.58800011,22.72000008
3/11/2019,23.07999992,21.97999954,22.14999962,22.95999908,54420200,22.95999908,1.100000381,0.04198647,23.16800003,22.23800011
3/12/2019,23.79999924,22.78000069,23.10000038,23.48999977,56410600,23.48999977,1.01999855,0.03030298,22.95800018,22.03199997
3/13/2019,24.14999962,23.35000038,23.65999985,23.37999916,56705800,23.37999916,0.799999237,0.02071005,22.98199997,21.98600006
3/14/2019,23.48999977,22.79999924,23.37000084,22.81999969,42818600,22.81999969,0.690000534,0.005134742,23.10599976,22.17600021
3/15/2019,23.64999962,23.01000023,23.10000038,23.29000092,46519900,23.29000092,0.63999939,0.02380949,23.32199974,22.39000015
3/18/2019,23.62000084,23.04000092,23.29999924,23.25,34731800,23.25,0.579999924,0.013733975,23.63399963,22.78400002
3/19/2019,26.07999992,23.59000015,23.60000038,26,156052200,26,2.489999771,0.105084725,23.74199982,22.99600029
3/20/2019,26.87999916,25.30999947,26.48999977,25.70000076,151292100,25.70000076,1.569999695,0.014722514,24.19799995,23.15800018
3/21/2019,28.11000061,25.70999908,25.78000069,27.88999939,129610300,27.88999939,2.400001526,0.090380134,24.74399986,23.55
3/22/2019,27.75,26.32999992,27.54000092,26.37000084,115323300,26.37000084,1.420000076,0.007625239,25.66800003,24.13199997
3/25/2019,26.98999977,25.54000092,26.29000092,25.96999931,78438200,25.96999931,1.449998856,0.026626049,26.48800011,24.79599991
3/26/2019,26.97999954,25.45999908,26.69000053,25.69000053,75754100,25.69000053,1.520000458,0.010865455,27.16199989,25.29599991
3/27/2019,25.87999916,24.54999924,25.70000076,24.88999939,88585300,24.88999939,1.329999924,0.007003829,27.34199982,25.66999969
3/28/2019,25.55999947,24.64999962,25.10000038,25.05999947,64667500,25.05999947,0.909999847,0.018326656,27.14199982,25.51799965
3/29/2019,25.72999954,25.25,25.57999992,25.52000046,53502800,25.52000046,0.479999542,0.005863941,26.63199959,25.30599976
4/1/2019,26.55999947,25.82999992,26.42000008,26.36000061,63000300,26.36000061,0.729999542,0.005298993,26.2279995,25.08999977
4/2/2019,26.79999924,26.09000015,26.51000023,26.75,53358800,26.75,0.709999084,0.010939231,26.14199944,25.14799957
4/3/2019,29.95000076,27.87999916,28.02000046,29.02000046,197650500,29.02000046,2.070001602,0.068879382,26.10599937,25.27399979
4/4/2019,29.38999939,28.61000061,28.87999916,29.09000015,82191100,29.09000015,0.779998779,0.017659288,26.91999969,25.93999977
4/5/2019,29.69000053,28.79999924,29.63999939,28.97999954,65662700,28.97999954,0.890001297,0.001686948,27.68599968,26.73199997
4/8/2019,28.95000076,28.18000031,28.69000053,28.53000069,58002500,28.53000069,0.770000458,0.009062399,28.47799988,27.44199982
4/9/2019,28.37999916,27.19000053,28.23999977,27.23999977,75539800,27.23999977,1.189998627,0.004957486,28.95600014,27.91199989
4/10/2019,28.12000084,27.31999969,27.45999908,27.82999992,64368100,27.82999992,0.800001144,0.024035025,29.27200012,28.13199997
4/11/2019,28.04999924,27.45999908,27.80999947,27.79000092,44801200,27.79000092,0.590000153,0.008629981,28.90600014,28.02000008
4/12/2019,28.37999916,27.65999985,28.20999908,27.85000038,41048800,27.85000038,0.719999313,0.006026235,28.63800011,27.78999977
4/15/2019,27.84000015,26.95999908,27.79999924,27.32999992,40812500,27.32999992,0.880001068,0.001438882,28.37599983,27.56199989
4/16/2019,28.18000031,27.48999977,27.71999931,27.93000031,47340100,27.93000031,0.690000534,0.016594553,28.15399971,27.31799965
4/17/2019,28.27000046,27.21999931,28.20999908,27.48999977,48240800,27.48999977,1.050001144,0.002126954,28.11399994,27.3779995
4/18/2019,27.87999916,27.34000015,27.60000038,27.68000031,39880900,27.68000031,0.539999008,0.010144883,28.14399986,27.35799942
4/22/2019,28.22999954,27.38999939,27.62000084,28.18000031,36477300,28.18000031,0.840000153,0.022085398,28.10999985,27.33399963
4/23/2019,28.48999977,27.79000092,28.18000031,27.96999931,41777500,27.96999931,0.699998856,0.011000691,28.07999992,27.27999954
4/24/2019,28.85000038,27.93000031,28.10000038,28.45999908,51784700,28.45999908,0.920000076,0.026690391,28.20999985,27.44599991
4/25/2019,28.86000061,27.36000061,28.67000008,27.65999985,57329700,27.65999985,1.5,0.006627155,28.34399986,27.53400002
4/26/2019,27.89999962,27.04999924,27.65999985,27.87999916,48827900,27.87999916,0.850000381,0.008676781,28.46199989,27.56200027
4/29/2019,28.13999939,27.5,27.89999962,27.69000053,44532700,27.69000053,0.63999939,0.008602142,28.46599998,27.50400009
4/30/2019,27.79999924,26.94000053,27.59000015,27.62999916,73165900,27.62999916,0.859998703,0.00761142,28.44799995,27.52600021
5/1/2019,29.14999962,26.78000069,28.95000076,26.80999947,136066900,26.80999947,2.369998932,0.006908423,28.30999985,27.35600014
5/2/2019,28.63999939,26.61000061,26.94000053,28.29000092,100514800,28.29000092,2.029998779,0.063103149,28.36999969,27.12600021
5/3/2019,28.42000008,27.65999985,28.29999924,28.21999931,55503100,28.21999931,0.760000229,0.004240312,28.32599945,26.97600021
5/6/2019,27.5,26.45000076,26.71999931,27.42000008,70344100,27.42000008,1.049999237,0.029191643,28.42999954,27.09800034
5/7/2019,27.35000038,26.20999908,27.20000076,26.65999985,75868800,26.65999985,1.140001297,0.005514692,28.30199966,26.88800049
5/8/2019,27.70999908,26.27000046,26.40999985,27.09000015,65967500,27.09000015,1.439998627,0.04922375,28.21199989,26.7420002
5/9/2019,27.37999916,26.03000069,26.70000076,27.20999908,73150900,27.20999908,1.349998474,0.025468104,27.92399979,26.64000015
5/10/2019,28.10000038,26.93000031,27.03000069,27.95999908,82930100,27.95999908,1.170000076,0.039585633,27.67199974,26.52400017
5/13/2019,27.22999954,26.10000038,26.97999954,26.23999977,99017900,26.23999977,1.129999161,0.009266123,27.6079998,26.37800026
5/14/2019,27.47999954,26.14999962,26.53000069,27.31999969,82980400,27.31999969,1.329999924,0.035808475,27.55399971,26.30800018
5/15/2019,27.79000092,26.72999954,26.87000084,27.57999992,55689900,27.57999992,1.060001373,0.03423893,27.57999954,26.29600029
5/16/2019,28.37000084,27.27000046,27.37000084,28.01000023,67330100,28.01000023,1.100000381,0.036536353,27.59599991,26.38800011
5/17/2019,28.45999908,27.39999962,27.69000053,27.5,65385400,27.5,1.059999466,0.02780782,27.79400024,26.63600006
5/20/2019,27.23999977,26.48999977,26.97999954,26.68000031,69757400,26.68000031,0.75,0.009636777,27.86599998,26.72999992
5/21/2019,27.37000084,26.93000031,27.18000031,27.35000038,46079200,27.35000038,0.440000534,0.006990454,27.86800003,26.8079998
5/22/2019,27.59000015,27.06999969,27.12000084,27.40999985,40035300,27.40999985,0.520000458,0.017330358,27.84600029,26.96399994
5/23/2019,27.10000038,26.03000069,26.98999977,26.36000061,67809200,26.36000061,1.069999695,0.004075606,27.80600014,27.03199997
5/24/2019,26.93000031,26.39999962,26.61000061,26.44000053,39835800,26.44000053,0.530000687,0.012025543,27.55200005,26.78400002
5/28/2019,29.67000008,27.05999947,27.27000046,29.04999924,146949600,29.04999924,2.61000061,0.088008785,27.24600029,26.58400002
5/29/2019,29.31999969,27.72999954,29,28.09000015,99969600,28.09000015,1.590000153,0.011034472,27.73200035,26.69799995
5/30/2019,28.55999947,27.60000038,28.39999962,28.03000069,65289100,28.03000069,0.959999084,0.005633798,28.12200012,26.8579998
5/31/2019,28.36000061,27.39999962,27.56999969,27.40999985,68667800,27.40999985,0.960000992,0.028654368,28.31599998,26.96399994
6/3/2019,29.62000084,27.29000092,28.75,27.57999992,147532200,27.57999992,2.329999924,0.030260899,28.56800003,27.23799973
6/4/2019,29.59000015,27.90999985,28.38999939,29.56999969,107549500,29.56999969,1.680000305,0.042268432,29.10600014,27.41599998
6/5/2019,29.98999977,29.03000069,29.93000031,29.5,79481500,29.5,0.959999084,0.00200466,29.09000015,27.58600006
6/6/2019,31.97999954,29.84000015,29.87000084,31.81999969,131267800,31.81999969,2.13999939,0.070639392,29.22400017,27.84600029
6/7/2019,32.59999847,31.56999969,31.94000053,32.40999985,86841100,32.40999985,1.029998779,0.02066368,29.90800018,28.29400024
6/10/2019,34.29999924,33.08000183,33.52999878,33.22999954,97668800,33.22999954,1.219997406,0.022964524,30.75599976,29.12800026
6/11/2019,33.49000168,31.81999969,33.43000031,32.40999985,82834900,32.40999985,1.670001984,0.001794836,31.69199944,30.28600044
6/12/2019,32.56999969,31.92000008,32,32.18000031,56298700,32.18000031,0.649999619,0.01781249,32.47199974,31.06800041
6/13/2019,32.5,31.05999947,32.38999939,31.38999939,63556000,31.38999939,1.440000534,0.003396129,32.98799973,31.64600029
6/14/2019,30.95999908,30.02000046,30.70000076,30.36000061,70373000,30.36000061,0.939998627,0.008469,33.09199982,31.89000015
6/17/2019,30.45000076,29.18000031,30.25,29.20000076,70865700,29.20000076,1.270000458,0.006611595,32.76399994,31.58000031
6/18/2019,30.96999931,29.57999992,29.76000023,30.45000076,86444500,30.45000076,1.38999939,0.040658571,31.99400024,30.8
6/19/2019,30.79000092,30.05999947,30.67000008,30.5,63233900,30.5,0.73000145,0.003912646,31.48999977,30.35200005
6/20/2019,31.36000061,29.84000015,31.23999977,30.01000023,72418200,30.01000023,1.520000458,0.003841256,31.13400002,29.97999992
6/21/2019,30.35000038,28.96999931,29.64999962,29.10000038,81861300,29.10000038,1.380001068,0.023608795,30.90600014,29.73600006
6/24/2019,29.39999962,28.67000008,29.31999969,29.26000023,55724800,29.26000023,0.729999542,0.00272851,30.7840004,29.52599983
6/25/2019,29.71999931,28.79999924,29.26000023,28.86000061,53680900,28.86000061,0.920000076,0.01572109,30.57400017,29.42399979
6/26/2019,30.47999954,29.78000069,29.97999954,29.92000008,65064200,29.92000008,0.699998856,0.016677785,30.32400017,29.26799965
6/27/2019,30.95999908,30.20999908,30.40999985,30.73999977,55623300,30.73999977,0.75,0.018086131,30.26199989,29.21199989
6/28/2019,31.11000061,30.32999992,31.07999992,30.37000084,50090900,30.37000084,0.780000687,0.000965273,30.18199959,29.28599968
7/1/2019,32.04000092,30.87000084,31.79000092,31.20000076,60275900,31.20000076,1.170000076,0.007864108,30.33399963,29.5579998
7/2/2019,31.26000023,30.72999954,30.95999908,31.23999977,37721700,31.23999977,0.530000687,0.00968996,30.86199989,29.99799995
7/3/2019,31.32999992,30.73999977,31.12999916,31.19000053,23462000,31.19000053,0.590000153,0.006424695,31.17000008,30.38400002
7/5/2019,31.55999947,30.75,30.87999916,31.5,34011900,31.5,0.809999466,0.022020736,31.34000015,30.57599983
7/8/2019,32.15000153,31.26000023,31.79999924,32.04000092,49689400,32.04000092,0.890001297,0.011006362,31.46000023,30.68400002
7/9/2019,33.18000031,30.10000038,31.76000023,33.15000153,61419800,33.15000153,3.079999924,0.04471033,31.66800041,30.87000008
7/10/2019,34.02999878,33.36000061,33.56000137,33.79000092,60388400,33.79000092,0.669998169,0.01400469,31.89600029,30.71599998
7/11/2019,34,32.75999832,33.90999985,33.06000137,63081800,33.06000137,1.240001678,0.002654089,32.45,31.2420002
7/12/2019,33.38999939,32.59000015,32.75999832,33.20999908,51509700,33.20999908,0.799999237,0.019230803,32.98400002,31.64599991
7/15/2019,34.54999924,33.27000046,33.34000015,34.38999939,65565200,34.38999939,1.279998779,0.036292714,33.35,32.01399994
7/16/2019,34.86000061,33.79999924,34.29999924,33.84999847,66912700,33.84999847,1.060001373,0.016326571,33.82999954,32.41599998
7/17/2019,34.29999924,33.49000168,34.00999832,33.59999847,42557900,33.59999847,0.809997559,0.008526931,34.1659996,33.15599976
7/18/2019,33.45999908,32.41999817,33.02999878,33,58473900,33,1.040000916,0.013018478,34.21999969,33.18199997
7/19/2019,33.34999847,32.45000076,33.08000183,32.50999832,44617700,32.50999832,0.899997711,0.00816193,34.11199951,33.11399994
7/22/2019,33.31000137,32.74000168,32.79999924,32.84999847,37777300,32.84999847,0.569999695,0.015548846,34.10399933,33.08600006
7/23/2019,33.5,32.93000031,33.16999817,33.49000168,38532500,33.49000168,0.569999695,0.009948805,33.85599976,32.98000031
7/24/2019,34.36000061,33.45000076,33.63999939,34.11000061,41952300,34.11000061,0.909999847,0.021403128,33.58399963,32.80600052
7/25/2019,34.25,33.61999893,34.04999924,33.66999817,36705600,33.66999817,0.630001068,0.005873738,33.59599991,32.79800034
7/26/2019,34.77000046,33.86999893,34.22999954,34.02000046,43502800,34.02000046,0.900001526,0.015775662,33.75400009,33.03800049
7/29/2019,34.18000031,32.97999954,34.13999939,33.47999954,45922000,33.47999954,1.200000763,0.001171673,34.03800049,33.32200012
7/30/2019,33.93999863,32.93999863,33.20999908,33.86999893,72198900,33.86999893,1,0.021981318,34.21200027,33.36999969
7/31/2019,32.29999924,30.29999924,32.08000183,30.45000076,119190000,30.45000076,2,0.006857774,34.3,33.37199936
8/1/2019,31.47999954,29.10000038,30.5,29.86000061,80878900,29.86000061,2.379999161,0.032131133,33.88799973,32.74199905
8/2/2019,29.72999954,28.94000053,29.47999954,29.44000053,60410900,29.44000053,0.789999008,0.008480326,33.33399963,31.83799934
8/5/2019,28.48999977,27.64999962,28.26000023,27.98999977,74333200,27.98999977,0.840000153,0.008138696,32.32599945,30.85199966
8/6/2019,29.04999924,28.20000076,28.86000061,28.86000061,60578400,28.86000061,0.849998474,0.006583459,31.18799934,29.78599968
8/7/2019,29.28000069,28.37000084,28.46999931,29.19000053,58577500,29.19000053,0.909999847,0.02845105,30.20999947,28.83800011
8/8/2019,34.27000046,31.47999954,31.53000069,33.91999817,167278800,33.91999817,2.790000916,0.086901355,29.60599976,28.45200043
8/9/2019,35.54999924,33.08000183,33.45000076,34.18999863,132483900,34.18999863,2.469997406,0.062780222,30.16399994,28.92800026
8/12/2019,34.65000153,32.08000183,34.15999985,32.43000031,106936000,32.43000031,2.569999695,0.014344311,31.32799988,29.75600052
8/13/2019,33.13999939,31.71999931,32.36000061,32.11000061,102009700,32.11000061,1.420000076,0.024103794,32.56000023,30.64200096
8/14/2019,31.04999924,29.51000023,31,30.23999977,127521500,30.23999977,1.539999008,0.001612879,33.37800026,31.34600067
8/15/2019,30.72999954,29.20999908,30.62999916,29.67000008,71674400,29.67000008,1.520000458,0.003264786,33.73199997,31.57400055
8/16/2019,31.47999954,30.20999908,30.30999947,31.18000031,70469800,31.18000031,1.270000458,0.038601125,33.02399979,31.12000046
8/19/2019,32.18999863,31.42000008,32,31.47999954,67596900,31.47999954,0.76999855,0.005937457,32.20999985,30.54599991
8/20/2019,31.30999947,30.45000076,30.94000053,30.71999931,47924000,30.71999931,0.859998703,0.011958595,31.71799927,30.41399956
8/21/2019,31.73999977,30.84000015,31.04999924,31.70000076,41441500,31.70000076,0.899999619,0.02222224,31.35199928,30.15999985
8/22/2019,31.92000008,30.97999954,31.76000023,31.89999962,47667900,31.89999962,0.940000534,0.005037779,31.48999939,30.42599983
8/23/2019,31.82999992,29.39999962,31.29999924,29.54000092,83681100,29.54000092,2.430000305,0.01693293,31.7279995,30.77999992
8/26/2019,30.71999931,29.94000053,30.34000015,30.28000069,50612500,30.28000069,0.779998779,0.012524692,31.79799957,30.61800003
8/27/2019,30.88999939,29.60000038,30.60000038,30.20000076,53229200,30.20000076,1.289999008,0.009477092,31.50399971,30.32200012
8/28/2019,31.18000031,29.70000076,29.92000008,30.78000069,55835900,30.78000069,1.479999542,0.042112307,31.41999969,30.15200005
8/29/2019,31.82999992,31.32999992,31.46999931,31.45000076,44422800,31.45000076,0.5,0.011439486,31.3079998,29.92400017
8/30/2019,31.87000084,31.12999916,31.60000038,31.45000076,40307000,31.45000076,0.740001678,0.008544318,31.28999977,29.99400024
9/3/2019,31.13999939,30.68000031,30.82999992,30.89999962,38029300,30.89999962,0.459999084,0.010055124,31.29799995,30.34000015
9/4/2019,31.82999992,30.85000038,31.31999969,30.95000076,46614600,30.95000076,0.979999542,0.016283532,31.38199997,30.48800011
9/5/2019,32.04999924,31.12000084,31.79000092,31.5,57861200,31.5,0.929998398,0.00817862,31.57000008,30.73800011
9/6/2019,31.51000023,30.47999954,31.5,30.55999947,51673000,30.55999947,1.030000687,0.000317468,31.74399986,31.02200012
9/9/2019,31.18000031,30.23999977,30.93000031,30.5,54413200,30.5,0.940000534,0.008082767,31.67999992,30.85200005
9/10/2019,30.37999916,29.77000046,30.21999931,30.22999954,48604800,30.22999954,0.609998703,0.005294502,31.54199982,30.67400017
9/11/2019,30.43000031,29.51000023,30.37999916,29.76000023,50631700,29.76000023,0.920000076,0.001645857,31.38999977,30.4920002
9/12/2019,30.84000015,29.95000076,30.07999992,30.20999908,53618300,30.20999908,0.88999939,0.025265965,31.10999985,30.22400017
9/13/2019,30.85000038,29.95000076,30.27000046,30.69000053,47758800,30.69000053,0.899999619,0.019160883,30.86800003,29.99000015
9/16/2019,31.14999962,30.26000023,30.37000084,30.82999992,52248500,30.82999992,0.88999939,0.025683199,30.73600006,29.8840004
9/17/2019,31.31999969,30.73999977,31.06999969,30.98999977,35011700,30.98999977,0.579999924,0.008046347,30.72999992,29.88800049
9/18/2019,30.88999939,29.87999916,30.75,30.42000008,47027500,30.42000008,1.010000229,0.004552826,30.91800003,30.08200035
9/19/2019,30.95999908,30.13999939,30.56999969,30.29000092,41603000,30.29000092,0.819999695,0.012757586,31.00999985,30.15600014
9/20/2019,30.46999931,29.64999962,30.36000061,30.04999924,79957400,30.04999924,0.819999695,0.003623146,31.03399963,30.19399986
9/23/2019,30.79999924,30.06999969,30.12000084,30.63999939,44366800,30.63999939,0.729999542,0.022576307,30.95799942,30.13399963
9/24/2019,30.75,29.29000092,30.54000092,29.52000046,72963000,29.52000046,1.459999084,0.006876198,30.88799934,30.09599953
9/25/2019,29.64999962,28.54999924,29.47999954,29.54000092,58234800,29.54000092,1.100000381,0.005766624,30.7739994,29.80599976
9/26/2019,29.77000046,29,29.67000008,29.46999931,40745400,29.46999931,0.770000458,0.003370421,30.52599945,29.53999977
9/27/2019,29.77000046,28.35000038,29.17000008,28.71999931,54091100,28.71999931,1.420000076,0.020569091,30.28799973,29.31199989
9/30/2019,29.04999924,28.36000061,28.88999939,28.98999977,37295600,28.98999977,0.689998627,0.005538243,30.14799995,29.05200005
10/1/2019,29.54000092,28.63999939,29.04999924,28.76000023,37081800,28.76000023,0.900001526,0.016867528,29.79799995,28.71000023
10/2/2019,28.85000038,28.03000069,28.5,28.30999947,43640700,28.30999947,0.819999695,0.012280715,29.55600014,28.57999992
10/3/2019,28.78000069,27.43000031,28.28000069,28.68000031,56325200,28.68000031,1.350000381,0.017680339,29.39600029,28.47600021
10/4/2019,29.05999947,28.28000069,28.82999992,29.01000023,34446700,29.01000023,0.779998779,0.007977785,29.19800034,28.16200027
10/7/2019,29.62999916,28.84000015,28.89999962,28.93000031,39337200,28.93000031,0.789999008,0.0252595,29.05600014,28.14800034
10/8/2019,28.63999939,27.92000008,28.54999924,28.22999954,44265700,28.22999954,0.719999313,0.00315237,29.17200012,28.24400024
10/9/2019,28.95000076,28.35000038,28.79999924,28.45999908,35661500,28.45999908,0.600000381,0.005208386,28.99199982,28.10000038
10/10/2019,28.88999939,28,28.52000046,28.37999916,40660100,28.37999916,0.88999939,0.012973314,29.01199989,28.16400032
10/11/2019,30.20000076,28.80999947,28.82999992,29.75,66256900,29.75,1.390001297,0.047519974,29.03399963,28.27800026
10/14/2019,30.61000061,29.37999916,29.70999908,30.53000069,44473700,30.53000069,1.23000145,0.030292883,29.26199989,28.38400002
10/15/2019,30.92000008,30.17000008,30.70000076,30.71999931,41600700,30.71999931,0.75,0.007166101,29.45800018,28.49199982
10/16/2019,31.40999985,30.53000069,30.60000038,30.80999947,42804400,30.80999947,0.879999161,0.02647057,29.91400032,28.94199982
10/17/2019,31.39999962,30.86000061,31.29999924,31.13999939,36884400,31.13999939,0.539999008,0.0031949,30.40600014,29.37799988
10/18/2019,31.32999992,30.29000092,31.05999947,30.96999931,39681700,30.96999931,1.039999008,0.008692867,30.90800018,29.95
10/21/2019,32.25999832,31.40999985,31.5,32.02999878,52182800,32.02999878,0.849998474,0.024126931,31.13400002,30.24600029
10/22/2019,32.15000153,31.5,32.06000137,31.51000023,36185200,31.51000023,0.650001526,0.002807241,31.46399956,30.65200043
10/23/2019,31.64999962,30.82999992,31.09000015,31.36000061,26582200,31.36000061,0.819999695,0.018012205,31.70999985,30.91800041
10/24/2019,31.86000061,31.34000015,31.57999992,31.71999931,27808000,31.71999931,0.520000458,0.008866393,31.7579998,30.97800026
10/25/2019,32.86000061,31.82999992,31.89999962,32.70999908,45368800,32.70999908,1.030000687,0.030094075,31.85,31.07400017
10/28/2019,33.90999985,33.15000153,33.15999985,33.68999863,51223600,33.68999863,0.759998322,0.022617612,32.15600014,31.38199997
10/29/2019,33.90000153,32.70000076,33.72999954,33.02999878,78700100,33.02999878,1.200000763,0.005040083,32.48600044,31.73000031
10/30/2019,33.34000015,32.02999878,32.93000031,33.13000107,78228800,33.13000107,1.310001373,0.012450648,32.83600044,31.97000046
10/31/2019,34.34000015,32.81999969,32.97999954,33.93000031,67881600,33.93000031,1.520000458,0.041237132,33.17400055,32.21000023
11/1/2019,35,34.09999847,34.36999893,34.88999939,64238600,34.88999939,0.900001526,0.018329971,33.67000046,32.50600014
11/4/2019,36.45000076,34.75999832,35.18999863,36.29000092,83343800,36.29000092,1.690002441,0.035805689,34.09800034,32.95999985
11/5/2019,37.18000031,35.97999954,36.56000137,36.15000153,84848600,36.15000153,1.200000763,0.016958395,34.60600052,33.28199921
11/6/2019,36.47999954,35.52000046,36.06000137,35.93000031,51675100,35.93000031,0.959999084,0.011647203,35.26200027,33.93799896
11/7/2019,36.99000168,36.02999878,36.52000046,36.27999878,54350200,36.27999878,0.960002899,0.012869694,35.89000015,34.6359993
11/8/2019,36.58000183,36,36.06000137,36.29000092,39353900,36.29000092,0.580001831,0.014420423,36.42000046,35.27799911
11/11/2019,36.65999985,35.58000183,35.95999908,36.31000137,43511100,36.31000137,1.079998016,0.019466095,36.73600082,35.65799942
11/12/2019,37.13000107,36.40000153,36.43000031,36.70999908,58664500,36.70999908,0.729999542,0.019214954,36.77800064,35.82200012
11/13/2019,37.95999908,36.58000183,36.65000153,37.52000046,67648300,37.52000046,1.379997253,0.035743452,36.76800079,35.90600052
11/14/2019,38.5,37.36000061,37.50999832,38.34999847,65829500,38.34999847,1.13999939,0.026393008,37.0640007,36.11800079
11/15/2019,39.36999893,38.34000015,38.93999863,38.56000137,62958500,38.56000137,1.029998779,0.011042638,37.36600037,36.38400116
11/18/2019,39.99000168,38.59999847,38.65000153,39.88000107,66102800,39.88000107,1.390003204,0.034670119,37.92399979,36.85200119
11/19/2019,41.79000092,39.68999863,40.13999939,41.29000092,94373000,41.29000092,2.100002289,0.041106167,38.59000015,37.45600052
11/20/2019,41.75,40.06999969,40.95999908,40.97999954,79767900,40.97999954,1.680000305,0.019287132,39.52200012,38.11399994
11/21/2019,40.70999908,38.63999939,40.41999817,39.52000046,88069400,39.52000046,2.069999695,0.007174689,40.28000031,38.81199951
11/22/2019,39.88999939,38.18999863,39.36000061,39.15000153,56931900,39.15000153,1.700000763,0.013465416,40.72200012,39.06799927
11/25/2019,40.16999817,39.49000168,39.5,39.79000092,45769500,39.79000092,0.67999649,0.016961979,40.82600021,39.03799896
11/26/2019,39.47999954,38.81000137,39.29999924,38.99000168,43603300,38.99000168,0.669998169,0.004580161,40.86199951,39.2159996
11/27/2019,39.75999832,39.06999969,39.45999908,39.40999985,33630100,39.40999985,0.689998627,0.007602616,40.39999924,39.04000015
11/29/2019,39.52000046,39.02000046,39.09999847,39.15000153,17609900,39.15000153,0.5,0.010741739,40.0019989,38.84000015
12/2/2019,39.40999985,38.43999863,39.31999969,38.72999954,35710200,38.72999954,0.970001221,0.002288915,39.76399918,38.91600037
12/3/2019,38.93000031,37.15000153,37.34000015,38.90000153,51556400,38.90000153,1.779998779,0.042581686,39.66799927,38.96600037
12/4/2019,39.81999969,39.13000107,39.38000107,39.68999863,44299400,39.68999863,0.689998627,0.011173149,39.41999969,38.49800034
12/5/2019,40.22000122,39.54999924,39.95000076,39.61999893,35574000,39.61999893,0.670001984,0.006758459,39.48799973,38.56200027
12/6/2019,40.18999863,39.56000137,40.09999847,39.63000107,31101400,39.63000107,0.629997253,0.002244393,39.58000031,38.65800018
12/9/2019,39.84000015,38.90999985,39.45999908,38.93000031,27928100,38.93000031,0.930000305,0.009630032,39.71399994,38.76600037
12/10/2019,39.72999954,38.81999969,39.20000076,39.43999863,33733600,39.43999863,0.909999847,0.013520377,39.8,38.86000061
12/11/2019,39.61000061,39.04000092,39.43999863,39.47000122,31698300,39.47000122,0.569999695,0.004310395,39.95999985,39.19400024
12/12/2019,42.61999893,39.25,39.40000153,42.59000015,86878000,42.59000015,3.369998932,0.081725819,39.91800003,39.17600021
12/13/2019,42.95000076,41.06000137,42.34999847,41.15000153,79927800,41.15000153,1.88999939,0.014167705,40.39799957,39.11600037
12/16/2019,42.97999954,41.72999954,41.72999954,42.34999847,58824900,42.34999847,1.25,0.02995447,40.95,39.41600037
12/17/2019,43.11000061,42.15000153,42.50999832,42.77000046,44852000,42.77000046,0.959999084,0.01411438,41.57799988,39.98000031
12/18/2019,43.06000137,42.24000168,42.79000092,42.29999924,39083300,42.29999924,0.819999695,0.006309896,42.25400009,40.64600067
12/19/2019,43.34000015,42.59999847,42.63000107,42.83000183,45883000,42.83000183,0.740001678,0.016654916,42.94400024,41.28600082
12/20/2019,44.25999832,43.25999832,43.43999863,44.15000153,68104700,44.15000153,1,0.018876605,43.08800049,41.95600052
12/23/2019,45.63000107,44.38999939,44.58000183,45.45999908,55886500,45.45999908,1.240001678,0.023553145,43.35,42.39599991
12/24/2019,46.61000061,45.77000046,46.09999847,46.54000092,44432200,46.54000092,0.840000153,0.011062953,43.88000031,42.92799988
12/26/2019,47.31000137,45.65999985,46.99000168,46.63000107,57562800,46.63000107,1.650001526,0.006809953,44.58000031,43.65199966
12/27/2019,46.88000107,45.97999954,46.84999847,46.18000031,36581300,46.18000031,0.900001526,0.000640397,45.43000031,44.3359993
12/30/2019,46.16999817,44.65999985,46.13999939,45.52000046,41149700,45.52000046,1.509998322,0.000650169,46.13800049,45.01199951
12/31/2019,46.09000015,44.91999817,45.06999969,45.86000061,31673200,45.86000061,1.170001984,0.022631472,46.52000046,45.29199982
1/2/2020,49.25,46.63000107,46.86000061,49.09999847,80331100,49.09999847,2.619998932,0.051002974,46.61200027,45.39799957
1/3/2020,49.38999939,47.54000092,48.02999878,48.59999847,73127400,48.59999847,1.849998474,0.028315649,47.14000015,45.56999969
1/6/2020,48.86000061,47.86000061,48.02000046,48.38999939,47934900,48.38999939,1,0.017492714,47.55599976,45.94599991
1/7/2020,49.38999939,48.04000092,49.34999847,48.25,58061400,48.25,1.349998474,0.000810556,47.95199966,46.32200012
1/8/2020,48.29999924,47.13999939,47.84999847,47.83000183,53767000,47.83000183,1.159999847,0.009404405,48.59599991,46.99800034
1/9/2020,49.95999908,48.38999939,48.93999863,48.97000122,76512800,48.97000122,1.569999695,0.020841857,49.03799973,47.44200058
1/10/2020,49.29000092,48,49.25999832,48.16999817,44133700,48.16999817,1.290000916,0.000609066,49.17999954,47.79400024
1/13/2020,48.86000061,48.24000168,48.65999985,48.75,34266800,48.75,0.619998932,0.004110168,49.15999985,47.88600006
1/14/2020,49.04000092,47.90999985,48.63999939,48.20999908,38563200,48.20999908,1.130001068,0.008223716,49.15999985,47.96200027
1/15/2020,49.08000183,48.11999893,48.22999954,48.54999924,40199900,48.54999924,0.960002899,0.017623933,49.09000015,47.93600006
1/16/2020,50.31000137,48.99000168,49.16999817,49.77000046,58898900,49.77000046,1.319999695,0.023184935,49.24600067,48.13199997
1/17/2020,51.04999924,49.90000153,50.20000076,50.93000031,57722500,50.93000031,1.149997711,0.01693224,49.31600113,48.25200043
1/21/2020,51.81000137,50.70000076,50.95999908,51.04999924,49095000,51.04999924,1.11000061,0.016679794,49.66800079,48.63200073
1/22/2020,51.88000107,51.20000076,51.63000107,51.43000031,40772200,51.43000031,0.680000305,0.004842146,50.25800095,49.12400055
1/23/2020,51.75,50.74000168,51.34000015,51.70999908,40135400,51.70999908,1.009998322,0.007985973,50.82600098,49.78200073
1/24/2020,52.81000137,49.47000122,52.27999878,50.34999847,80004900,50.34999847,3.340000153,0.01013777,51.36000061,50.30600128
1/27/2020,49.79000092,47.90000153,48.45000076,49.25999832,48878600,49.25999832,1.88999939,0.027657381,51.86000061,50.40200119
1/28/2020,50.84999847,49.47999954,50.02999878,50.52999878,62343800,50.52999878,1.369998932,0.01639016,51.60800095,50.00200119
1/29/2020,48.06999969,46.09999847,47.84000015,47.50999832,112349900,47.50999832,1.970001221,0.004807683,51.41600037,49.75800095
1/30/2020,48.81000137,46.13000107,46.49000168,48.77999878,70460200,48.77999878,2.680000305,0.049903197,50.65400009,48.73800049
1/31/2020,48.58000183,46.79000092,48.40000153,47,60322400,47,1.790000916,0.003719014,50.06600037,47.81600037
2/3/2020,48.09999847,46.22999954,46.40000153,48.02000046,46983500,48.02000046,1.869998932,0.036637864,49.22000046,47.28000031
2/4/2020,49.75,48.61000061,49.20999908,49.45000076,46302100,49.45000076,1.13999939,0.010973398,48.88199997,46.94599991
2/5/2020,50.41999817,49.31000137,50.29000092,49.84000015,42737100,49.84000015,1.109996796,0.002584952,48.66200027,46.77200012
2/6/2020,49.38999939,47.63000107,48.79999924,49.31999969,48670600,49.31999969,1.759998322,0.012090167,49.13199997,47.4140007
2/7/2020,50.66999817,48.63999939,48.90999985,49.72999954,53107600,49.72999954,2.029998779,0.035984427,49.24799957,47.7140007
2/10/2020,52.29999924,49.34999847,49.47000122,52.25999832,60971700,52.25999832,2.950000763,0.057206346,49.66599884,48.0840004
2/11/2020,54.47999954,52.90999985,53.22000122,53.79999924,74719100,53.79999924,1.569999695,0.023675278,50.50599899,48.70800018
2/12/2020,54.84999847,53.52999878,54.52999878,53.88999939,45994900,53.88999939,1.319999695,0.005868324,51.4519989,49.56800003
2/13/2020,55.02999878,53.34000015,53.43000031,54.52999878,51640000,54.52999878,1.689998627,0.029945695,52.33799896,50.41199951
2/14/2020,55.40000153,54.56000137,55.18999863,55.31000137,52365400,55.31000137,0.840000153,0.00380509,53.46599884,51.55399933
2/18/2020,58.13000107,54.84000015,54.93999863,56.88999939,70133200,56.88999939,3.290000916,0.058063388,54.41199951,52.73799973
2/19/2020,59.27000046,57.50999832,57.99000168,58.90000153,58597300,58.90000153,1.760002136,0.022072749,55.57799988,53.83600006
2/20/2020,59.02000046,56.15000153,58.43999863,57.27000046,74203400,57.27000046,2.869998932,0.009924741,56.53600006,54.75599976
2/21/2020,56.79999924,52.88999939,56.70999908,53.27999878,88271100,53.27999878,3.909999847,0.001587024,57.37000046,55.28000031
2/24/2020,50.27999878,47.49000168,48.18000031,49.11999893,86624100,49.11999893,2.789997101,0.043586518,57.72400055,55.19000015
2/25/2020,51.24000168,47.11999893,51.13999939,47.56999969,88699400,47.56999969,4.120002747,0.001955461,56.7,53.77600021
2/26/2020,49.29000092,47.06999969,47.70000076,47.49000168,86378400,47.49000168,2.220001221,0.033333336,55.32200012,52.23199997
2/27/2020,46.24000168,42.20999908,45.38000107,44.00999832,106416200,44.00999832,4.030002594,0.018951093,53.32600021,50.14400024
2/28/2020,46.15000153,41.04000092,41.36000061,45.47999954,100331800,45.47999954,5.11000061,0.1158124,50.77000046,47.35599976
3/2/2020,47.68000031,44.65999985,47.41999817,47.45999908,102324700,47.45999908,3.020000458,0.005482964,48.64000092,44.98600006
3/3/2020,50.20000076,45.66999817,49.02999878,46.75,141972300,46.75,4.530002594,0.023862982,48.12000122,44.41999969
3/4/2020,50.13999939,47.20999908,48.25,50.11000061,93311800,50.11000061,2.930000305,0.039170972,47.91200104,44.12999954
3/5/2020,49.72000122,47.50999832,48.68000031,48.11000061,98302700,48.11000061,2.210002899,0.021364029,48.08200073,44.15799942
3/6/2020,49.54000092,46.74000168,49.43999863,48.59000015,124590900,48.59000015,2.799999237,0.0020227,48.77800064,45.21799927
3/9/2020,46.34000015,42.50999832,43.02999878,43.27000046,80859800,43.27000046,3.830001831,0.076923111,49.45600052,46.35799942
3/10/2020,45.43999863,43.09999847,45.40999985,45.38000107,76228200,45.38000107,2.340000153,0.000660621,49.18800049,45.92799911
3/11/2020,45.97000122,43.79999924,44.18999863,45.70000076,101601100,45.70000076,2.170001984,0.040280666,48.23600006,45.41399918
3/12/2020,42.5,39,42,39.00999832,107461500,39.00999832,3.5,0.011904762,47.40200043,44.73199921
3/13/2020,43.90999985,39.59999847,42.20000076,43.90000153,86689700,43.90000153,4.310001373,0.040521305,45.95800018,43.02999954
3/16/2020,43.36999893,38.50999832,39.08000183,38.70999908,84545900,38.70999908,4.86000061,0.109774742,44.83199997,41.6019989
3/17/2020,42.88000107,38.29999924,40.18999863,41.88000107,92741900,41.88000107,4.580001831,0.066932136,44.23799973,40.8019989
3/18/2020,41.95000076,36.75,39.54000092,39.11999893,106949300,39.11999893,5.200000763,0.06095093,43.72600021,39.84199905
3/19/2020,41.70000076,37.68999863,39.56000137,39.81999969,88939000,39.81999969,4.010002136,0.054095028,42.92200012,38.43199921
3/20/2020,42.47999954,39.58000183,41.50999832,39.61000061,106859500,39.61000061,2.899997711,0.023367894,42.76200027,38.16999893
3/23/2020,42.31999969,38.95000076,40.61999893,41.63999939,101704700,41.63999939,3.369998932,0.041851325,42.47600021,38.1659996
3/24/2020,46.81000137,43.99000168,44.04000092,46.22000122,106794200,46.22000122,2.819999695,0.062897375,42.26600037,38.25400009
3/25/2020,47.88000107,44.43000031,46.79000092,44.63000107,93760400,44.63000107,3.450000763,0.023295579,43.05200043,39.39200058
3/26/2020,47.5,45.40000153,45.77999878,47.5,73680200,47.5,2.099998474,0.037571019,44.23800049,40.92800064
3/27/2020,47.97999954,45.90000153,46.31999969,46.58000183,74599200,46.58000183,2.079998016,0.035837648,45.39800034,42.47000122
3/30/2020,48.45999908,46.65999985,47.24000168,47.86000061,68486600,47.86000061,1.799999237,0.025825516,46.49800034,43.73400116
3/31/2020,48.52999878,45.15999985,47.93000031,45.47999954,83483700,45.47999954,3.369998932,0.012518224,47.72600021,45.27600098
4/1/2020,46.84999847,43.15999985,44.18000031,43.65999985,92083100,43.65999985,3.689998627,0.060434544,48.06999969,45.51000061
4/2/2020,45.27999878,43.09999847,43.40000153,44.49000168,79024100,44.49000168,2.180000305,0.043317908,47.86399918,45.25600052
4/3/2020,44.84000015,41.70000076,44.29999924,42.59000015,79335000,42.59000015,3.13999939,0.012189637,47.41999893,44.79599991
4/6/2020,47.58000183,44.06000137,44.29999924,47.52000046,82294000,47.52000046,3.520000458,0.074040692,46.79199905,43.95599976
4/7/2020,49.65000153,46.68000031,48.95999908,47.56000137,102098700,47.56000137,2.970001221,0.014093187,46.6159996,43.43600006
4/8/2020,49,47.61000061,48.06999969,48.79000092,64930800,48.79000092,1.38999939,0.019346792,46.84000015,43.74000015
4/9/2020,50.25,47.72000122,49.65000153,48.38000107,80270100,48.38000107,2.529998779,0.012084561,47.27000046,44.63000031
4/13/2020,51.06999969,48.22999954,48.47000122,50.93999863,64290100,50.93999863,2.840000153,0.053641395,48.2640007,45.55400085
4/14/2020,55.13999939,52.11000061,52.24000168,54.93000031,85306800,54.93000031,3.029998779,0.055512971,49.51000061,46.86000061
4/15/2020,55.56999969,53.40999985,53.72999954,54.99000168,83814000,54.99000168,2.159999847,0.034245304,51.02200012,48.47000046
4/16/2020,58.08000183,55.63000107,55.95999908,56.95000076,103106500,56.95000076,2.450000763,0.037884253,52.20599976,49.81600037
4/17/2020,57.75999832,55.54999924,57.34999847,56.59999847,76908800,56.59999847,2.209999084,0.007149082,54.02200012,51.42000046
4/20/2020,58.63000107,55.84999847,55.97999954,56.97000122,72367300,56.97000122,2.780002594,0.047338363,55.52399979,52.98600006
4/21/2020,57.72999954,51.40999985,56.90000153,52.91999817,123906400,52.91999817,6.319999695,0.014586959,57.03600006,54.50999985
4/22/2020,56.15000153,54.34000015,54.90999985,55.91999817,63041600,55.91999817,1.810001373,0.022582438,57.55400009,54.36999969
4/23/2020,57.29000092,55.63999939,56.65000153,55.90000153,69662700,55.90000153,1.650001526,0.011297429,57.67000046,54.55599976
4/24/2020,56.77999878,54.41999817,55.09999847,56.18000031,72761000,56.18000031,2.36000061,0.030490025,57.51200027,54.55799942
4/27/2020,58,56.25,57.43999863,56.49000168,62568100,56.49000168,1.75,0.009749328,57.31600037,54.33199921
4/28/2020,57.34999847,55.29999924,57.15999985,55.50999832,80501800,55.50999832,2.049999237,0.003323979,57.19000015,54.41199951
4/29/2020,54.86000061,52.74000168,54.52999878,53.65999985,110800900,53.65999985,2.119998932,0.006051748,57.11399994,55.18999939
4/30/2020,54.29000092,52.02999878,53.43000031,52.38999939,65543900,52.38999939,2.260002136,0.016095838,56.85599976,54.86999969
5/1/2020,51.95000076,49.09000015,51.06999969,49.88000107,69562700,49.88000107,2.86000061,0.017231272,56.25599976,54.14799957
5/4/2020,52.61000061,49.72999954,49.81999969,52.56000137,62590600,52.56000137,2.880001068,0.056001625,55.29000015,53.08199997
5/5/2020,53.50999832,51.29000092,53.43000031,52.18999863,56560500,52.18999863,2.219997406,0.001497249,54.21200027,51.77799988
5/6/2020,53.31000137,51.88000107,52.41999817,52.15999985,48138100,52.15999985,1.430000305,0.016978314,53.44400024,50.97600021
5/7/2020,52.97000122,51.61999893,52.93000031,51.95000076,48956600,51.95000076,1.350002289,0.000755732,53.1340004,50.80400009
5/8/2020,53.27000046,51.81000137,52.15000153,53.18999863,40686100,53.18999863,1.459999084,0.021476489,52.87000046,50.72200012
5/11/2020,55.88999939,52.75,52.90000153,55.74000168,68746400,55.74000168,3.13999939,0.056521697,53.1340004,51.26600037
5/12/2020,56.58000183,53.75,56.20999908,53.75999832,55631100,53.75999832,2.830001831,0.006582508,53.79000015,51.87000046
5/13/2020,55.22000122,51.29999924,54.04000092,52.18000031,76824700,52.18000031,3.920001984,0.021835683,54.40400085,52.36200027
5/14/2020,54.54000092,51.61000061,52.09999847,54.50999832,73814000,54.50999832,2.930000305,0.046833062,54.78600082,52.24599991
5/15/2020,54.43999863,52.86000061,53.31999969,54.20000076,66950900,54.20000076,1.579998016,0.021005231,55.10000076,52.24400024
5/18/2020,55.25,54.24000168,54.97999954,54.59000015,48569200,54.59000015,1.009998322,0.004910885,55.3340004,52.45400009
5/19/2020,56.72999954,54.36000061,54.38999939,55.47000122,60388500,55.47000122,2.369998932,0.043022618,55.20600052,52.75200043
5/20/2020,56.97999954,55.63000107,56.54999924,56.38999939,50888200,56.38999939,1.349998474,0.007603896,55.23600006,52.87400055
5/21/2020,56.72000122,54.61000061,56.68000031,54.65000153,48496100,54.65000153,2.11000061,0.000705732,55.58799973,53.74000092
5/22/2020,55.36999893,53.77999878,54.77000046,55.16999817,43524100,55.16999817,1.590000153,0.010954874,56.02399979,54.34000092
5/26/2020,56.08000183,53.02000046,56.00999832,53.18999863,51618900,53.18999863,3.060001373,0.00124984,56.20999985,54.52400055
5/27/2020,53.27999878,49.09000015,53.27000046,52.74000168,102414500,52.74000168,4.189998627,0.000187691,56.37600021,54.28000031
5/28/2020,53.54000092,51.25,52.25,51.74000168,53670200,51.74000168,2.290000916,0.024689013,55.68600006,53.22600021
5/29/2020,53.79999924,51.84999847,52.06999969,53.79999924,64666700,53.79999924,1.950000763,0.033224497,54.99800034,52.35
6/1/2020,54.11000061,52.88999939,53.31000137,53.63000107,36864400,53.63000107,1.220001221,0.015006551,54.41399994,51.79799957
6/2/2020,53.56999969,52.00999832,53.45000076,53.54000092,42855200,53.54000092,1.560001373,0.002245069,54.16200027,51.61999969
6/3/2020,53.65000153,52.33000183,53.59999847,52.72999954,46765300,52.72999954,1.319999695,0.000932893,53.65999985,51.41799927
6/4/2020,53.74000168,52.20000076,52.59000015,52.63000107,44869100,52.63000107,1.540000916,0.021867304,53.7340004,52.0659996
6/5/2020,53.56999969,52.08000183,52.99000168,53.09999847,53908300,53.09999847,1.489997864,0.010945424,53.77400055,52.25599976
6/8/2020,53.34999847,52.25999832,53.29999924,52.97000122,39681700,52.97000122,1.090000153,0.000938072,53.72800064,52.30200043
6/9/2020,56.45999908,52.72000122,52.95000076,56.38999939,79919100,56.38999939,3.739997864,0.066288919,53.57600021,52.17600021
6/10/2020,59,57.02999878,57.20000076,57.43999863,78719400,57.43999863,1.970001221,0.031468518,54.15400009,52.31800079
6/11/2020,56.68000031,52.79999924,55.93999863,52.83000183,78715400,52.83000183,3.880001068,0.013228489,55.22399979,53.25800018
6/12/2020,55.59999847,52.11000061,55.00999832,53.5,71189100,53.5,3.489997864,0.010725326,55.81199951,53.37799988
6/15/2020,54.72999954,52.40999985,52.58000183,54.68000031,56740700,54.68000031,2.319999695,0.040890027,56.21799927,53.38399963
6/16/2020,56.06999969,53.59000015,55.72000122,54.45999908,50949700,54.45999908,2.479999542,0.00628138,56.49399948,53.41399994
6/17/2020,55.81999969,54.29999924,54.79000092,54.54999924,45146500,54.54999924,1.520000458,0.018799028,56.4159996,53.58799973
6/18/2020,55.11999893,53.65000153,54.61999893,54.04000092,40354700,54.04000092,1.469997406,0.009154156,55.77999954,53.04199982
6/19/2020,55.45999908,53.81999969,54.40999985,54.22999954,52801500,54.22999954,1.63999939,0.019297909,55.46799927,53.21200027
6/22/2020,55.16999817,53.74000168,54.66999817,54.75999832,44704800,54.75999832,1.42999649,0.009145784,55.43999939,53.55400009
6/23/2020,55.36999893,53.86999893,55.04999924,53.99000168,48089000,53.99000168,1.5,0.005812892,55.52799911,53.82000046
6/24/2020,54.74000168,51.91999817,53.93999863,52.38999939,53535500,52.38999939,2.82000351,0.014831351,55.38799896,53.87600021
6/25/2020,52.70000076,50.54000092,52.56000137,51.93000031,51129600,51.93000031,2.159999847,0.002663611,55.17199936,53.4
6/26/2020,51.95000076,49.45000076,51.84999847,50.09999847,65485700,50.09999847,2.5,0.001928685,54.68799973,52.77799988
6/29/2020,50.27999878,48.41999817,50.15000153,50.27999878,49905800,50.27999878,1.86000061,0.002592168,53.98600006,51.90400009
6/30/2020,52.77000046,50.81999969,51.15999985,52.61000061,42275700,52.61000061,1.950000763,0.03146991,53.00800018,50.83999939
7/1/2020,52.86999893,51.59999847,52.63000107,52.58000183,32370900,52.58000183,1.270000458,0.004560096,52.48800049,50.22999954
7/2/2020,53.18999863,52.04999924,53.02999878,52.34000015,29081400,52.34000015,1.13999939,0.003017157,52.11399994,50.1659996
7/6/2020,53.52000046,52.33000183,52.90000153,53.40000153,36769400,53.40000153,1.189998627,0.011720206,52.21199951,50.46799927
7/7/2020,54.16999817,52.86000061,53.27999878,52.93000031,32153100,52.93000031,1.309997559,0.016704193,52.52599945,51.04399948
7/8/2020,53.47000122,52.06999969,53.00999832,53.43000031,35608300,53.43000031,1.400001526,0.008677663,53.30399933,51.93199997
7/9/2020,57.58000183,53.31000137,53.52000046,57.25999832,87216300,57.25999832,4.270000458,0.075859517,53.44399948,52.18199997
7/10/2020,58.15000153,55.50999832,57.54000092,55.88000107,59839700,55.88000107,2.640003204,0.010601331,54.38600006,52.52400055
7/13/2020,58.34999847,53.38000107,56.68000031,53.59000015,57741800,53.59000015,4.969997406,0.029463623,55.37800064,53.21600037
7/14/2020,54.86000061,52.25999832,53.29999924,54.72000122,54890100,54.72000122,2.600002289,0.029268319,56.34400024,53.42600021
7/15/2020,55.36999893,53.59000015,54.95999908,55.34000015,42360300,55.34000015,1.779998779,0.007459968,56.48200073,53.30599976
7/16/2020,55.15000153,53.74000168,54.68000031,54.91999817,36887100,54.91999817,1.409999847,0.008595487,56.86200027,53.60999985
7/17/2020,55.81000137,54.68000031,55.31000137,55.04000092,34710400,55.04000092,1.130001068,0.009039956,56.37600021,53.69599991
7/20/2020,57.52999878,54.83000183,55.22999954,57.45999908,45034300,57.45999908,2.699996948,0.041644021,55.90800018,53.53000031
7/21/2020,58.5,56.31999969,57.81000137,57,44741000,57,2.180000305,0.011935627,55.74400024,53.82000046
7/22/2020,62,56.97000122,57.06999969,61.79000092,135159400,61.79000092,5.029998779,0.086385147,56.47200012,54.63200073
7/23/2020,62.33000183,58.63000107,61.63000107,59.56999969,106829100,59.56999969,3.700000763,0.011358117,57.79800034,55.30800095
7/24/2020,69.94000244,64.05000305,64.18000031,69.40000153,205314500,69.40000153,5.88999939,0.089747618,59.2340004,56.28600082
7/27/2020,71.62999725,67.79000092,69.27999878,68.97000122,107918100,68.97000122,3.839996338,0.033920302,62.06000061,58.16000137
7/28/2020,69.80000305,67.01999664,68.09999847,67.61000061,94181400,67.61000061,2.780006409,0.024963357,64.88000031,60.75200119
7/29/2020,77.19000244,73.90000153,75.5,76.08999634,132969700,76.08999634,3.290000916,0.022384138,67.14000092,62.89200058
7/30/2020,78.95999908,75.06999969,75.37000275,78.19999695,80286900,78.19999695,3.88999939,0.047631633,70.1780014,66.27800064
7/31/2020,78.95999908,75.36000061,78.66999817,77.43000031,71621600,77.43000031,3.599998474,0.003686296,73.50400085,69.56600037
8/3/2020,78.5,77.05999756,78.19000244,77.66999817,42628800,77.66999817,1.440002441,0.00396467,75.30800018,71.82799988
8/4/2020,85.80999756,77.98999786,78.02999878,85.04000092,155676100,85.04000092,7.819999695,0.099705227,76.68200073,73.68199921
8/5/2020,86.31999969,83.31999969,84.95999908,85.30999756,65642600,85.30999756,3,0.01600754,79.88399963,75.87599945
8/6/2020,86.98000336,84.77999878,85.48999786,86.70999908,53961700,86.70999908,2.200004578,0.017429004,81.70999908,77.75999908
8/7/2020,87.29000092,82.66999817,86.66999817,84.84999847,66543200,84.84999847,4.620002747,0.007153603,83.31399994,79.7019989
8/10/2020,85.16000366,79.31999969,85.05000305,82.23999786,70536100,82.23999786,5.840003967,0.001293364,84.98000031,81.16399841
8/11/2020,80.70999908,76.09999847,80.70999908,76.87999725,77877700,76.87999725,4.61000061,0,86.31200104,81.61599884
8/12/2020,82.87999725,77.55000305,78.43000031,82.61000061,88513700,82.61000061,5.329994202,0.056738454,85.29200134,81.23799896
8/13/2020,84.01999664,81.54000092,82.87999725,81.83999634,57407400,81.83999634,2.479995728,0.013754819,84.60400085,80.08399963
8/14/2020,83.23999786,80.87999725,81.80999756,81.30000305,42389500,81.30000305,2.36000061,0.01747953,84.01199951,79.43600006
8/17/2020,83.05999756,81.55000305,82.08999634,82.41999817,31450200,82.41999817,1.509994507,0.011816315,83.2019989,79.07799988
8/18/2020,82.87999725,81.02999878,82.80000305,81.66000366,30970500,81.66000366,1.849998474,0.000966114,82.78199768,79.52400055
8/19/2020,81.84999847,80.44999695,81.77999878,81.08999634,37507400,81.08999634,1.400001526,0.000855951,83.21599731,80.51000061
8/20/2020,82.83999634,79.12000275,79.73999786,82.76999664,42948900,82.76999664,3.719993591,0.03887633,83.00999756,81.08999939
8/21/2020,84.41000366,82.23000336,83.29000092,83.80999756,48280300,83.80999756,2.180000305,0.013447025,82.7739975,80.60599976
8/24/2020,85.33000183,82.55000305,84.55000305,83.08000183,38036100,83.08000183,2.779998779,0.009225296,83.00799866,80.87600098
8/25/2020,86.62000275,82.34999847,83.36000061,86.34999847,49234400,86.34999847,4.270004272,0.039107511,83.46199951,81.07600098
8/26/2020,87.72000122,85.19999695,86.97000122,86.01999664,47157300,86.01999664,2.520004272,0.008623663,84.21000061,81.34000092
8/27/2020,86.58000183,82.94000244,86.34999847,83.80000305,42194200,83.80000305,3.63999939,0.002663617,85.38400116,82.29000092
8/28/2020,86.04000092,84.19000244,84.30000305,85.55000305,40723300,85.55000305,1.849998474,0.020640543,86.13200226,83.05400085
8/31/2020,92.63999939,85.05000305,85.05000305,90.81999969,90655900,90.81999969,7.589996338,0.089241576,86.45800171,83.44600067
9/1/2020,92.51000214,90.19000244,91.91999817,92.18000031,55825600,92.18000031,2.319999695,0.006418668,87.92000122,83.94600067
9/2/2020,94.27999878,88.73999786,94.01000214,90.22000122,50366900,90.22000122,5.540000916,0.002871999,89.0980011,85.51400146
9/3/2020,88.47000122,81.58999634,87.83999634,82.54000092,87462700,82.54000092,6.880004883,0.007172187,90.41000061,86.22200165
9/4/2020,84.38999939,76.33000183,81.44999695,82.01000214,82267800,82.01000214,8.059997559,0.036095796,90.78800049,85.95200043
9/8/2020,81.87999725,78,78.05000305,78.69000244,54955700,78.69000244,3.879997253,0.049071032,90.45800018,84.38000031
9/9/2020,82.44000244,79.27999878,81.40000153,81.91000366,54163900,81.91000366,3.160003662,0.012776424,88.30599976,82.96999969
9/10/2020,83.30999756,78.37999725,83.06999969,78.98000336,51499400,78.98000336,4.930000305,0.002889104,86.29199982,80.78799896
9/11/2020,79.98999786,75.04000092,79.81999969,76.33999634,54763000,76.33999634,4.949996948,0.002129769,84.09799957,78.71599884
9/14/2020,78.81999969,76.26000214,76.80000305,77.90000153,47448700,77.90000153,2.559997559,0.026302039,82.4019989,77.40599976
9/15/2020,80.33000183,75.97000122,77.66000366,78.93000031,57874400,78.93000031,4.36000061,0.034380608,81.28799896,77.39199982
9/16/2020,79.72000122,76.54000092,79.34999847,76.66000366,38393500,76.66000366,3.180000305,0.004662921,80.97799988,76.98600006
9/17/2020,76.62999725,74.19999695,74.87999725,76.55000305,55619100,76.55000305,2.430000305,0.023370727,80.43399963,76.43800049
9/18/2020,77.40000153,73.84999847,77,74.93000031,51082900,74.93000031,3.550003052,0.005194825,79.09799957,75.60200043
9/21/2020,77.98000336,73.87999725,74.23000336,77.94000244,61312000,77.94000244,4.100006104,0.050518656,78.58000031,75.36399994
9/22/2020,78.79000092,75.26999664,78.36000061,77.69999695,56044700,77.69999695,3.520004272,0.005487497,78.41200104,74.88799896
9/23/2020,77.91000366,74.33999634,77.38999939,74.73000336,42327500,74.73000336,3.570007324,0.00671927,78.10400085,74.74799805
9/24/2020,77.25,73.90000153,74.54000092,75.81999969,57540900,75.81999969,3.349998474,0.036356306,77.74200134,74.30799713
9/25/2020,78.19999695,74.66999817,76.34999847,78.05999756,48206200,78.05999756,3.529998779,0.024230498,77.86600189,74.24799805
9/28/2020,79.56999969,77.51999664,79.12000275,79.48000336,48005500,79.48000336,2.050003052,0.005687524,78.02600098,74.41199799
9/29/2020,82.55000305,79.30000305,79.30000305,81.76999664,61568900,81.76999664,3.25,0.040983605,78.34400024,75.13999786
9/30/2020,82.94000244,80.66000366,81.75,81.98999786,51533700,81.98999786,2.279998779,0.014556605,79.09600067,75.94599915
10/1/2020,85.25,82.86000061,83.05999756,84.86000061,52177100,84.86000061,2.38999939,0.026366512,80.10200043,77.21000061
10/2/2020,84.65000153,81.66000366,82.58000183,81.80000305,52855100,81.80000305,2.989997864,0.025066598,81.70200043,79.00200043
10/5/2020,86.27999878,82.55000305,82.55000305,86.15000153,47056500,86.15000153,3.729995728,0.045184683,82.99200134,80.40000153
10/6/2020,87.25,83.54000092,86.20999908,84.48000336,52725400,84.48000336,3.709999084,0.012063576,84.33400116,81.40600281
10/7/2020,87.79000092,85.65000153,86.09999847,86.69000244,43045700,86.69000244,2.13999939,0.019628368,85.27400055,82.25400238
10/8/2020,88.72000122,85.94999695,88.11000061,86.51000214,54240700,86.51000214,2.770004272,0.006923171,86.24400024,83.25200195
10/9/2020,85.75,82.34999847,84.73999786,83.09999847,80354400,83.09999847,3.400001526,0.011918836,86.93800049,83.87000122
10/12/2020,85.12999725,83.12000275,83.65000153,84.29000092,47669700,84.29000092,2.009994507,0.017692716,87.15800018,84.00800018
10/13/2020,86.08999634,83.97000122,84.86000061,85.27999878,42764100,85.27999878,2.119995117,0.014494411,86.92799988,84.12200012
10/14/2020,85.95999908,83.45999908,85.86000061,84.20999908,40403000,84.20999908,2.5,0.001164669,86.69599915,84.20800018
10/15/2020,84.72000122,82.41999817,83.40000153,83.12999725,33696400,83.12999725,2.300003052,0.015827334,86.32999878,83.76999969
10/16/2020,83.98999786,82.41000366,83.54000092,83.16999817,31474300,83.16999817,1.579994202,0.005386605,85.52999878,83.06399994
10/19/2020,84.65000153,81.52999878,83.62000275,82,36689100,82,3.120002747,0.012317612,85.17799835,83.07600098
10/20/2020,82.69000244,80.58000183,82.16000366,81.55999756,38219400,81.55999756,2.11000061,0.006450813,85.08199921,82.75800018
10/21/2020,81.93000031,79.19000244,81.72000122,79.19999695,36426400,79.19999695,2.739997864,0.002569739,84.40200043,82.08000031
10/22/2020,80.81999969,78.41999817,79.65000153,79.41999817,38006800,79.41999817,2.400001526,0.014689242,83.59600067,81.22600098
10/23/2020,81.98999786,79.33000183,80.93000031,81.95999908,46557700,81.95999908,2.659996033,0.013097709,82.81600037,80.42600098
10/26/2020,84.97000122,80.86000061,82.55000305,82.23000336,69423700,82.23000336,4.11000061,0.029315543,82.41600037,79.81000061
10/27/2020,82.37000275,77.56999969,82,78.87999725,156669500,78.87999725,4.800003052,0.004512229,82.48000031,79.67600098
10/28/2020,78.95999908,75.76000214,78.73000336,76.40000153,76529900,76.40000153,3.199996948,0.002921322,82.41600037,79.07400055
10/29/2020,79.18000031,76.29000092,76.75,78.01999664,52784100,78.01999664,2.88999939,0.031661242,81.82200012,78.38800049
10/30/2020,77.69999695,74.23000336,77.08999634,75.29000092,51349000,75.29000092,3.469993591,0.007912837,81.49400024,77.96200104
11/2/2020,76.33999634,73.76000214,75.84999847,74.69999695,45760700,74.69999695,2.579994202,0.006460091,80.63600006,76.94200134
11/3/2020,77.08000183,74.59999847,74.93000031,76.58000183,41231800,76.58000183,2.480003357,0.028693467,78.90999908,75.52200165
11/4/2020,81.84999847,78.97000122,80.25,81.34999847,66579700,81.34999847,2.879997253,0.019937676,77.8519989,74.9280014
11/5/2020,83.5,81.84999847,83.26999664,83,46542300,83,1.650001526,0.00276214,78.42999878,75.57000122
11/6/2020,86.08999634,82.66999817,83.51999664,85.87999725,53829900,85.87999725,3.419998169,0.03077107,79.29399872,76.68200073
11/9/2020,87.05000305,82.76999664,84.23999786,83.12000275,58580700,83.12000275,4.280006409,0.033357137,80.9719986,78.36999969
11/10/2020,82.12999725,77.62999725,81.93000031,77.98999786,67137200,77.98999786,4.5,0.002441071,83.11399994,80.1719986
11/11/2020,81.47000122,78.97000122,79.38999939,81.27999878,44611300,81.27999878,2.5,0.026199797,84.12399902,80.77799835
11/12/2020,83,80.30000305,81.31999969,81.83999634,37242600,81.83999634,2.699996948,0.020659128,84.04799957,80.77799835
11/13/2020,83.11000061,80.69999695,82.73000336,81.43000031,30423200,81.43000031,2.410003662,0.004593222,83.94799957,80.46799927
11/16/2020,83.77999878,80.48000336,81.20999908,83.73000336,38640800,83.73000336,3.299995422,0.031646346,83.35200043,80.07399902
11/17/2020,84.80999756,82.91000366,83.93000031,83.36000061,29473500,83.36000061,1.899993896,0.010484895,82.69799957,79.61600037
11/18/2020,83.95999908,82.22000122,83.01000214,82.54000092,29968000,82.54000092,1.739997864,0.011444367,83.23399963,80.67200165
11/19/2020,85.63999939,81.72000122,82.38999939,85.54000092,50116800,85.54000092,3.919998169,0.039446535,83.73199921,81.32200165
11/20/2020,86.09999847,84.47000122,85.27999878,84.63999939,35008400,84.63999939,1.629997253,0.009615381,84.25999908,81.60600128
11/23/2020,87.54000092,84.62000275,85.51999664,85.30999756,46505000,85.30999756,2.919998169,0.023620257,84.85799866,82.36000214
11/24/2020,86.11000061,83.31999969,85.72000122,85.06999969,36839200,85.06999969,2.790000916,0.00454969,85.60999908,83.18800201
11/25/2020,87.83999634,85.51999664,85.76000214,86.70999908,41349700,86.70999908,2.319999695,0.024253663,85.86999969,83.27000122
11/27/2020,88,86.36000061,87.98999786,87.19000244,22717600,87.19000244,1.63999939,0.000113674,86.64599915,83.93000031
11/30/2020,92.73999786,86.52999878,87.33000183,92.66000366,84483000,92.66000366,6.209999084,0.061948883,87.11799927,84.85800018
12/1/2020,93.90000153,90.77999878,92.25,92.62999725,58583600,92.62999725,3.120002747,0.017886195,88.44599915,85.26999969
12/2/2020,96.37000275,92.52999878,92.88999939,93.73999786,57988800,93.73999786,3.840003967,0.037463703,89.71799927,86.5019989
12/3/2020,94.69999695,92.01000214,94.05999756,92.30999756,35859700,92.30999756,2.689994812,0.006804161,91.76999969,88.34399872
12/4/2020,94.58000183,90.62999725,92.58000183,94.04000092,45570300,94.04000092,3.950004578,0.021602938,93.14199982,89.64199982
12/7/2020,95,92.97000122,94.94999695,94.06999969,39815700,94.06999969,2.029998779,0.000526625,94.45800018,90.49599915
12/8/2020,94.73999786,91.90000153,94.05000305,92.91999817,33907500,92.91999817,2.839996338,0.007336468,94.91000061,91.78399963
12/9/2020,94.69999695,89.16000366,92.76000214,89.83000183,52170400,89.83000183,5.539993286,0.020914131,95.07799988,92.00800018
12/10/2020,92.08999634,89.02999878,89.55000305,91.66000366,33804400,91.66000366,3.059997559,0.028363966,94.74399872,91.33400116
12/11/2020,92.33000183,90.16000366,91.54000092,91.65000153,28368100,91.65000153,2.169998169,0.008630117,94.2219986,90.73800049
12/14/2020,95.41000366,91.84999847,92.20999908,94.77999878,48026400,94.77999878,3.560005188,0.034703444,93.7719986,90.64400177
12/15/2020,97.98000336,95.44999695,95.93000031,97.12000275,57232700,97.12000275,2.530006409,0.021369781,93.85399933,90.42000122
12/16/2020,97.26999664,95.45999908,97.04000092,96.84999847,34909000,96.84999847,1.809997559,0.002370113,94.50200043,91.13000031
12/17/2020,97.91999817,96.25,97.55000305,96.83999634,32023700,96.83999634,1.669998169,0.003792877,95.01600037,92.38999939
12/18/2020,97.68000031,93.55999756,97.26999664,95.91999817,51823100,95.91999817,4.120002747,0.004215109,96.18200073,93.83399963
12/21/2020,95.27999878,91.08000183,94.25,93.23000336,47093900,93.23000336,4.199996948,0.010928369,97.25200043,94.51399841
12/22/2020,93.55000305,90.52999878,93.36000061,93.16000366,35673700,93.16000366,3.020004272,0.002035159,97.22599945,94.35999908
12/23/2020,93.12999725,91.45999908,93.08000183,91.55000305,25993300,91.55000305,1.669998169,0.000537123,96.33999939,93.37599945
12/24/2020,92.51000214,91.30999756,91.80000305,91.80999756,16705900,91.80999756,1.200004578,0.007734195,95.51199951,92.57599945
12/28/2020,93.13999939,90.81999969,92.93000031,91.59999847,30627300,91.59999847,2.319999695,0.002259756,94.43000031,91.58799896
12/29/2020,92.45999908,89.43000031,91.66000366,90.62000275,31748200,90.62000275,3.029998779,0.008727857,93.52200012,91.03999939
12/30/2020,92.84999847,90.19000244,90.77999878,92.29000092,25845000,92.29000092,2.659996033,0.022802376,92.95800018,90.70999908
12/31/2020,92.30000305,90.87000275,92.09999847,91.70999908,24930700,91.70999908,1.430000305,0.002171602,92.81799927,90.64199982
1/4/2021,96.05999756,90.91999817,92.11000061,92.30000305,51802600,92.30000305,5.13999939,0.042883475,92.65200043,90.52400055
1/5/2021,93.20999908,91.41000366,92.09999847,92.76999664,34208000,92.76999664,1.799995422,0.012052124,93.36199951,90.44600067
1/6/2021,92.27999878,89.45999908,91.62000275,90.33000183,51911700,90.33000183,2.819999695,0.007203624,93.37599945,90.56400146
1/7/2021,95.51000214,91.19999695,91.33000183,95.16000366,42897200,95.16000366,4.310005188,0.045768096,93.33999939,90.57000122
1/8/2021,96.40000153,93.26999664,95.98000336,94.58000183,39816400,94.58000183,3.130004883,0.004375892,93.87200012,90.77200012
1/11/2021,99.23000336,93.76000214,94.02999878,97.25,48600200,97.25,5.470001221,0.055301549,94.69199982,91.2519989
1/12/2021,98.97000122,94.06999969,97.86000061,95.36000061,67672300,95.36000061,4.900001526,0.011342741,95.32600098,91.81999969
1/13/2021,93.88999939,90.83999634,93.01000214,91.77999878,60712900,91.77999878,3.050003052,0.009461318,96.4780014,92.3519989
1/14/2021,92.36000061,90.44999695,91.76999664,90.79000092,53408200,90.79000092,1.910003662,0.00642916,96.80000153,92.62799835
1/15/2021,91.58999634,87.86000061,90.75,88.20999908,49340300,88.20999908,3.729995728,0.009256158,96.17000122,92.47799835
1/19/2021,89.58000183,87.23999786,89.55999756,89.44999695,45115100,89.44999695,2.340003967,0.000223362,95.20800018,91.39599915
1/20/2021,90.77999878,88.59999847,90.55000305,88.75,35185800,88.75,2.180000305,0.002539986,93.27799988,90.09199829
1/21/2021,92.06999969,88.43000031,89.33999634,91.52999878,54221900,91.52999878,3.63999939,0.03055746,91.63999939,88.99799805
1/22/2021,95.94999695,91.87999725,94.41999817,92.79000092,71294700,92.79000092,4.069999695,0.016204181,91.27599945,88.51599884
1/25/2021,95.73999786,91.40000153,94.13999939,94.12999725,55086900,94.12999725,4.339996338,0.016995947,91.99399872,88.8019989
1/26/2021,95.72000122,93.62999725,94.91000366,94.70999908,59449100,94.70999908,2.090003967,0.008534375,92.82399902,89.50999908
1/27/2021,91.87999725,86.22000122,91.09999847,88.83999634,73341200,88.83999634,5.659996033,0.008562007,94.0519989,90.78799896
1/28/2021,89.87999725,87.30000305,89.83000183,87.51999664,47048400,87.51999664,2.579994202,0.000556556,94.2719986,90.31199951
1/29/2021,88.33000183,85.01999664,87.55999756,85.63999939,56735800,85.63999939,3.310005188,0.008794019,93.83399811,90.08600006
2/1/2021,87.94999695,84.66000366,86.83000183,87.66000366,42359300,87.66000366,3.289993286,0.012898711,92.30999908,88.71399994
2/2/2021,89.27999878,86.94999695,88.48999786,88.86000061,33850000,88.86000061,2.330001831,0.008927573,90.7519989,87.36600037
2/3/2021,89.48000336,87.33999634,88.59999847,87.88999939,32312900,87.88999939,2.140007019,0.009932335,89.46399841,86.03000031
2/4/2021,88.59999847,87.05999756,88.22000122,87.83999634,30791600,87.83999634,1.540000916,0.004307382,88.98399963,86.25399933
2/5/2021,88.36000061,86.87999725,88.15000153,87.90000153,30268700,87.90000153,1.480003357,0.002382292,88.72799988,86.20599823
2/8/2021,91.98999786,87.98000336,88.30999756,91.47000122,47639900,91.47000122,4.009994507,0.04167139,88.73399963,86.57799835
2/9/2021,93.30000305,90.55000305,91.38999939,90.91000366,37596400,90.91000366,2.75,0.020899482,89.54199982,87.24199829
2/10/2021,93.26999664,90.45999908,91.5,92.34999847,42441300,92.34999847,2.809997559,0.019344226,90.34600067,87.96199951
2/11/2021,93.65000153,91.33000183,92.90000153,92.66000366,35571000,92.66000366,2.319999695,0.008073197,91.10399933,88.58600006
2/12/2021,94.22000122,91.90000153,92.75,93.76999664,38538400,93.76999664,2.319999695,0.01584907,92.11399994,89.44000092
2/16/2021,94,90.75,93.90000153,91.45999908,35105900,91.45999908,3.25,0.001064946,93.28600006,90.44400177
2/17/2021,90.95999908,88.56999969,90.55999756,89.94000244,32245500,89.94000244,2.38999939,0.004416978,93.68800049,90.9980011
2/18/2021,89.59999847,87.30999756,89.08999634,88.63999939,35624900,88.63999939,2.290000916,0.005724572,93.21999969,90.60200043
2/19/2021,90.41999817,88.69000244,89.75,89.58000183,29548300,89.58000183,1.729995728,0.007465161,92.48600006,89.97200012
2/22/2021,88.30000305,85.20999908,88.15000153,85.37000275,36930200,85.37000275,3.090003967,0.001701662,91.83999939,89.44400024
2/23/2021,85.11000061,79.36000061,83.40000153,84.73999786,49720900,84.73999786,5.75,0.020503586,90.65599976,88.10599976
2/24/2021,87.08999634,82.80999756,84.33000183,86.94000244,40821200,86.94000244,4.279998779,0.0327285,88.87799988,85.82799988
2/25/2021,87.08999634,81.91999817,86.16999817,82.41999817,54625100,82.41999817,5.169998169,0.010676549,88.10399933,84.67599945
2/26/2021,85.58999634,82.91000366,83.56999969,84.51000214,48962900,84.51000214,2.679992676,0.024171313,87.6019989,83.59799957
3/1/2021,86.5,83.97000122,85.37000275,86.38999939,32746200,86.38999939,2.529998779,0.013236467,86.63599854,82.44199982
3/2/2021,86.94999695,84.04000092,86.91999817,84.12999725,34828200,84.12999725,2.909996033,0.000345131,86.27599792,82.19400024
3/3/2021,84.37999725,80.84999847,84.27999878,80.86000061,43541000,80.86000061,3.529998779,0.001186503,86.64399719,83.13000031
3/4/2021,81.80999756,76.77999878,80.23000336,77.75,60549400,77.75,5.029998779,0.019693308,86.10199738,82.73800049
3/5/2021,79.48000336,74.19999695,79,78.51999664,58548900,78.51999664,5.280006409,0.006075992,85.04599762,81.71000061
3/8/2021,79,73.86000061,78.02999878,73.95999908,54563900,73.95999908,5.13999939,0.012431132,83.82399902,79.96799927
3/9/2021,79.22000122,75.76999664,76.73000336,78.52999878,45088300,78.52999878,3.450004578,0.032451424,82.32399902,77.94599915
3/10/2021,80.04000092,77.41000366,79.75,77.51999664,45416600,77.51999664,2.629997253,0.003636375,80.77799988,76.29199829
3/11/2021,81.88999939,79.37000275,79.40000153,81.23000336,43583700,81.23000336,2.519996643,0.031360174,79.91000061,75.60399933
3/12/2021,81.19000244,79.23000336,79.73000336,81.05000305,32938000,81.05000305,1.959999084,0.01831179,79.92600098,76.12200012
3/15/2021,83.38999939,81.19999695,81.91000366,82.5,39086800,82.5,2.190002441,0.018068559,80.26800079,77.1280014
3/16/2021,84.75,82.26000214,83.66000366,82.75,42971600,82.75,2.489997864,0.013028882,81.14600067,78.59600067
3/17/2021,83.25,80.41000366,81.75,82.62999725,43320600,82.62999725,2.839996338,0.018348624,82.25200043,79.89400177
3/18/2021,81.62000275,78.01000214,81.05999756,78.12000275,51036500,78.12000275,3.61000061,0.006908527,82.89400024,80.49400177
3/19/2021,79.33999634,77.58999634,78.48999786,79.05999756,42283400,79.05999756,1.75,0.010829386,82.84000092,80.22200165
3/22/2021,81.26999664,79.22000122,79.98999786,80.30000305,39648600,80.30000305,2.049995422,0.016001985,82.46999969,79.89400024
3/23/2021,80.33999634,77.94999695,80.12999725,78.37999725,40466600,78.37999725,2.38999939,0.00262073,82.04599915,79.4980011
3/24/2021,78.80000305,76.40000153,77.55000305,76.48000336,43753600,76.48000336,2.400001526,0.016118633,81.16399841,78.63600006
3/25/2021,76.94999695,74.95999908,75.84999847,76.22000122,44735100,76.22000122,1.989997864,0.014502287,80.27399902,77.83399963
3/26/2021,77.5,75.02999878,76.62000275,77.41000366,49148700,77.41000366,2.470001221,0.011485216,79.33999786,77.22399902
3/29/2021,78.01999664,76.26000214,77.02999878,77.13999939,37144300,77.13999939,1.759994507,0.012852108,78.9719986,76.71199951
3/30/2021,76.55999756,74.84999847,76.47000122,76,39169300,76,1.709999084,0.001176884,78.3219986,76.11999969
3/31/2021,79.12999725,76.51999664,76.56999969,78.5,43659500,78.5,2.61000061,0.033433428,77.56599884,75.5
4/1/2021,81.30999756,79.48000336,80.16000366,81.08999634,40182400,81.08999634,1.829994202,0.014346231,77.63199768,75.52399902
4/5/2021,81.90000153,80.38999939,81.73999786,81.43000031,32610600,81.43000031,1.510002136,0.001957471,78.5039978,76.42799988
4/6/2021,82.45999908,80.87999725,81.20999908,81.44000244,29327900,81.44000244,1.580001831,0.015392193,79.38399811,77.5
4/7/2021,83.09999847,80.34999847,81.31999969,82.19999695,35590900,82.19999695,2.75,0.021888819,80.2719986,78.42399902
4/8/2021,83.79000092,82.44000244,83.31999969,83.34999847,41925300,83.34999847,1.349998474,0.005640917,81.57999878,79.52399902
4/9/2021,83.58999634,82.16000366,82.80000305,82.76000214,32759900,82.76000214,1.429992676,0.009540981,82.51199951,80.70800018
4/12/2021,82.18000031,78.02999878,82.05999756,78.58000183,62098800,78.58000183,4.150001526,0.001462378,82.96799927,81.24400024
4/13/2021,80.72000122,78.98000336,79.66999817,80.19000244,37767300,80.19000244,1.739997864,0.013179403,83.02399902,80.77200012
4/14/2021,80.12999725,77.94000244,79.87999725,78.55000305,34263800,78.55000305,2.189994812,0.003129695,82.67599945,80.39200134
4/15/2021,83.94999695,79.97000122,80.31999969,83.01000214,68942800,83.01000214,3.979995728,0.045194189,82.08199921,79.91000214
4/16/2021,83.58999634,81.52999878,83.30000305,82.15000153,47280600,82.15000153,2.059997559,0.003481312,82.11399841,79.41600189
4/19/2021,83.18000031,80.38999939,82.12999725,81.11000061,39115500,81.11000061,2.790000916,0.012784647,82.11399841,79.29000092
4/20/2021,81.11000061,78.51000214,80.81999969,79.26999664,34977800,79.26999664,2.599998474,0.003588232,82.31399841,79.76200104
4/21/2021,81.66000366,78.86000061,78.98999786,81.61000061,35069000,81.61000061,2.800003052,0.033801821,82.39199829,79.66800079
4/22/2021,81.79000092,78.58999634,81.61000061,79.05999756,38846100,79.05999756,3.200004578,0.002205616,82.69799957,79.85200043
4/23/2021,83.30000305,79.95999908,80.20999908,82.76000214,49194000,82.76000214,3.340003967,0.038523925,82.26600037,79.57599945
4/26/2021,85.90000153,82.69999695,83.34999847,85.41000366,57594500,85.41000366,3.200004578,0.030593918,82.20800171,79.26199951
4/27/2021,87.15000153,85.12999725,85.66999817,85.20999908,61909900,85.20999908,2.020004272,0.017275632,82.75200195,79.72399902
4/28/2021,89.19999695,83.91999817,88.84999847,84.01999664,108920300,84.01999664,5.279998779,0.003939206,83.96000214,81.04799805
4/29/2021,85.26999664,82.62999725,84.69999695,83.91000366,51294500,83.91000366,2.63999939,0.006729631,85.46800079,82.05999756
4/30/2021,84.09999847,81.41999817,82.97000122,81.62000275,46601900,81.62000275,2.680000305,0.013619347,86.16399994,82.86799774
5/3/2021,82,78.45999908,81.97000122,78.55000305,66323300,78.55000305,3.540000916,0.000365973,86.32399902,83.15999756
5/4/2021,78.66999817,77.04000092,77.94999695,78.61000061,59194300,78.61000061,1.629997253,0.009236706,85.54399872,82.31199799
5/5/2021,79.30000305,77.36000061,79.05000305,77.83000183,42310200,77.83000183,1.940002441,0.003162555,83.84799805,80.69399872
5/6/2021,78.05999756,76.47000122,77.62999725,77.88999939,38661300,77.88999939,1.589996338,0.0055391,81.86799927,79.38199921
5/7/2021,79.56999969,78.22000122,78.75,78.80999756,36954200,78.80999756,1.349998474,0.010412695,80.42599945,78.15
5/10/2021,78.30000305,75.91999817,78.19999695,75.98999786,45134500,75.98999786,2.380004883,0.00127885,79.51999969,77.51000061
5/11/2021,76.93000031,72.75,73.56999969,76.83000183,51008200,76.83000183,4.180000305,0.045670798,78.78000031,77.00200043
5/12/2021,76.12999725,74.16000366,75.08999634,74.63999939,42531400,74.63999939,1.969993591,0.013850059,78.43200073,76.14400024
5/13/2021,75.69999695,72.5,75.20999908,73.08999634,48646800,73.08999634,3.199996948,0.006515063,77.79799957,75.50400085
5/14/2021,75.02999878,72.72000122,74.01999664,74.58999634,38355800,74.58999634,2.309997559,0.01364499,77.32599945,74.71000061
5/17/2021,75.51999664,73.41000366,74.22000122,74.65000153,40779200,74.65000153,2.109992981,0.017515433,76.41799927,73.61000061
5/18/2021,75.76999664,74.23999786,74.73999786,74.44000244,31982500,74.44000244,1.529998779,0.013781092,75.86199799,73.10800171
5/19/2021,76.97000122,72.76000214,73.16000366,76.23000336,73966200,76.23000336,4.209999084,0.052077602,75.62999725,73.40600128
5/20/2021,78.26999664,76.25,76.80999756,78.05999756,49135000,78.05999756,2.019996643,0.01900793,75.79799805,73.12600098
5/21/2021,78.80999756,77.04000092,78.55000305,77.16999817,40201100,77.16999817,1.769996643,0.003309924,76.31199799,73.87600098
5/24/2021,78.01000214,76.80000305,77.26000214,77.44000244,33194300,77.44000244,1.209999084,0.009707481,77.06799774,74.74000092
5/25/2021,78.76999664,76.83999634,77.33000183,77.86000061,47353100,77.86000061,1.930000305,0.018621425,77.56599884,75.41800079
5/26/2021,78.58999634,77.58999634,77.83000183,78.33999634,30354000,78.33999634,1,0.009764801,78.16599884,75.93800049
5/27/2021,78.43000031,77.47000122,78.11000061,78.41999817,35883200,78.41999817,0.959999084,0.004096783,78.48999786,76.90399933
5/28/2021,81.08999634,78.66000366,78.66000366,80.08000183,40952700,80.08000183,2.429992676,0.030892354,78.5219986,77.14799957
6/1/2021,82.91000366,80.66000366,81.01000214,80.80999756,43433000,80.80999756,2.25,0.023453913,78.97799835,77.47200012
6/2/2021,82.59999847,80.66000366,81,81.97000122,35203200,81.97000122,1.939994812,0.019753068,79.95799866,78.24400024
6/3/2021,81.88999939,80.26000214,81.12999725,80.27999878,29812000,80.27999878,1.629997253,0.009367708,80.72399902,79.00800171
6/4/2021,82.19000244,80.80999756,80.91999817,81.58000183,26387800,81.58000183,1.380004883,0.015694566,81.38399963,79.54200287
6/7/2021,81.68000031,80.37999725,81.40000153,81.34999847,29006800,81.34999847,1.300003052,0.003439788,82.13600006,80.21000214
6/8/2021,82.65000153,80.44999695,81.87000275,80.88999939,26956600,80.88999939,2.200004578,0.009527284,82.25400085,80.55400085
6/9/2021,81.68000031,79.80000305,81.08999634,79.95999908,28454600,79.95999908,1.879997253,0.007275916,82.20200043,80.51199951
6/10/2021,81.70999908,79.69999695,80.01999664,81.55999756,28606400,81.55999756,2.010002136,0.021119751,82.01800079,80.33999939
6/11/2021,82.33000183,80.69999695,81.61000061,81.30999756,24310900,81.30999756,1.630004883,0.008822463,81.98200073,80.22799835
6/14/2021,81.55000305,80.19999695,81.51000214,81.55000305,27830200,81.55000305,1.350006104,0.000490749,82.01000061,80.20599823
6/15/2021,81.68000031,80.22000122,81.58999634,80.47000122,26194300,80.47000122,1.459999084,0.001103125,81.98400116,80.16999817
6/16/2021,81.44999695,78.95999908,80.75,80.11000061,29598300,80.11000061,2.489997864,0.008668693,81.79000092,80.12399902
6/17/2021,85.37000275,80.56999969,80.76999664,84.55999756,77822800,84.55999756,4.800003052,0.056951916,81.74400024,79.95599823
6/18/2021,85.76999664,83.48000336,84.27999878,84.65000153,58736800,84.65000153,2.289993286,0.01767914,82.47600098,80.12999878
6/21/2021,84.19000244,82.20999908,83.48999786,82.58999634,44417100,82.58999634,1.980003357,0.008384293,83.16399994,80.68600006
6/22/2021,84.04000092,82.48000336,82.90000153,83.58000183,32107700,83.58000183,1.559997559,0.0137515,83.69199982,81.08800049
6/23/2021,84.48999786,83.16000366,83.83000183,83.81999969,25992400,83.81999969,1.329994202,0.007873029,84.16399994,81.54000092
6/24/2021,87.13999939,84.37000275,84.38999939,86.09999847,42217700,86.09999847,2.769996643,0.0325868,84.77200012,82.38000183
6/25/2021,86.36000061,85.09999847,86.33999634,85.62000275,27804500,85.62000275,1.260002136,0.000231692,85.12599945,83.14000244
6/28/2021,88,86.15000153,86.37999725,87.08000183,30262000,87.08000183,1.849998474,0.018754374,85.24400024,83.46400146
6/29/2021,90.30000305,86.66000366,87.41000366,89.51999664,46181000,89.51999664,3.63999939,0.03306257,86.00599976,84.25200195
6/30/2021,94.33999634,90.59999847,90.81999969,93.93000031,70721500,93.93000031,3.739997864,0.038757946,87.25800018,85.08800201
7/1/2021,94.18000031,91.69999695,94.04000092,93.30999756,58059000,93.30999756,2.480003357,0.001488722,89.22799988,86.57600098
7/2/2021,95.26999664,92.20999908,93.27999878,94.69999695,51316700,94.69999695,3.059997559,0.021333597,90.63600006,88.04199982
7/6/2021,95.41000366,93.31999969,94.87999725,94.47000122,44930100,94.47000122,2.090003967,0.005586071,92.41799927,89.46399994
7/7/2021,95.44000244,90.30999756,95.01999664,90.54000092,51498500,90.54000092,5.130004883,0.004420183,93.9,90.89799957
7/8/2021,90.33999634,87.44999695,87.86000061,89.73999786,45673500,89.73999786,2.88999939,0.028226676,94.92799988,91.62799835
7/9/2021,91.26000214,88.52999878,90.04000092,90.90000153,35278400,90.90000153,2.730003357,0.013549547,94.12799988,90.99799805
7/12/2021,91.90000153,89.65000153,91.22000122,90.80999756,28526600,90.80999756,2.25,0.007454509,93.54400024,90.36399841
7/13/2021,91.41000366,89.83000183,90.48000336,90.26000214,30367600,90.26000214,1.580001831,0.010278518,92.87000122,89.8519989
7/14/2021,91.40000153,88.94000244,90.76000214,89.05000305,28108500,89.05000305,2.459999084,0.007051558,92.07000122,89.15399933
7/15/2021,89.77999878,86.18000031,89.77999878,86.93000031,38944700,86.93000031,3.599998474,0,91.26200104,88.88000031
7/16/2021,88.02999878,85.68000031,87.31999969,85.88999939,35860700,85.88999939,2.349998474,0.008131002,91.15000153,88.62600098
7/19/2021,87.23000336,84.23999786,84.98999786,86.58000183,39244800,86.58000183,2.990005493,0.026356107,90.50400085,88.05600128
7/20/2021,87.76999664,85.16999817,87.08999634,87.11000061,28089000,87.11000061,2.599998474,0.007808019,89.57000122,86.97400055
7/21/2021,89.48999786,86.90000153,87.25,89.41000366,29469900,89.41000366,2.589996338,0.025673328,88.84199982,86.04199982
7/22/2021,91.36000061,89.08000183,89.40000153,91.20999908,33730100,91.20999908,2.279998779,0.021923927,88.45999908,85.63399963
7/23/2021,92.37000275,90.19000244,91.34999847,92.15000153,31708900,92.15000153,2.180000305,0.011165893,88.77599945,86.21399994
7/26/2021,92.75,91.12000275,92.01000214,91.81999969,27668500,91.81999969,1.629997253,0.008042581,89.64400024,87.11600037
7/27/2021,94.09999847,89.09999847,92.94000244,91.02999878,69427000,91.02999878,5,0.012481128,90.74799957,88.49200134
7/28/2021,98.70999908,89.65000153,93.44000244,97.93000031,140561000,97.93000031,9.059997559,0.056399791,92.01399994,89.2780014
7/29/2021,105.7399979,96.58000183,96.58000183,102.9499969,164091800,102.9499969,9.159996033,0.09484361,93.85800018,89.8280014
7/30/2021,106.9700012,101.3799973,101.5999985,106.1900024,125567000,106.1900024,5.590003967,0.052854359,96.73399963,91.3280014
8/2/2021,110.3300018,103.8300018,105.9300003,108.6299973,115581900,108.6299973,6.5,0.041536878,99.65399933,93.56600037
8/3/2021,114.8499985,107.6600037,108.1500015,112.5599976,157723100,112.5599976,7.189994812,0.061950965,103.1699997,96.10800018
8/4/2021,122.4899979,114.1600037,114.3600006,118.7699966,225368700,118.7699966,8.329994202,0.071091266,107.3199997,99.82000122
8/5/2021,117.6800003,111.5899963,116.6299973,112.3499985,137860900,112.3499985,6.090003967,0.009002856,112.0759995,104.7220016
8/6/2021,116.2600021,109.6999969,110.5500031,110.1100006,143792800,110.1100006,6.560005188,0.051650827,114.4639999,107.7240005
8/9/2021,112.3300018,107.0599976,111.3099976,107.5800018,115749900,107.5800018,5.270004272,0.009163636,116.3220001,109.3880005
8/10/2021,109.1699982,104.3600006,107.9000015,106.4800034,113012300,106.4800034,4.809997559,0.011770126,116.7220001,110.0339996
8/11/2021,109.7900009,105.6200027,107.5999985,107.6800003,91788300,107.6800003,4.169998169,0.020353183,115.5860001,109.373999
8/12/2021,108.4400024,105.8600006,107.3899994,106.5,60578700,106.5,2.580001831,0.009777475,113.0460007,107.6659988
8/13/2021,111.7099991,106.5699997,107.1699982,110.5500031,100059200,110.5500031,5.13999939,0.042362611,111.1980011,106.5199997
8/16/2021,111.5800018,105.8700027,110.1999969,107.4800034,73325400,107.4800034,5.709999084,0.012522731,110.2880005,105.8940002
8/17/2021,108.6999969,105.3499985,106.6399994,107.5599976,74053900,107.5599976,3.349998474,0.019317307,110.1380005,105.6560013
8/18/2021,108.0699997,103.2699966,107.3499985,103.4400024,79387900,103.4400024,4.800003052,0.006707045,110.0440002,105.8540009
8/19/2021,106.1800003,101.9800034,103.3199997,103.6999969,71117500,103.6999969,4.199996948,0.027680997,109.7,105.3839996
8/20/2021,105.9800034,103.9899979,104.3199997,104.6500015,55190300,104.6500015,1.990005493,0.015912612,109.2479996,104.6080002
8/23/2021,109.0199966,104.8600006,105.3000031,108.7699966,68835300,108.7699966,4.159996033,0.035327573,108.1020004,104.0919998
8/24/2021,109.6100006,107.2799988,109.4499969,107.6500015,51239300,107.6500015,2.330001831,0.001461888,107.5899994,103.8899994
8/25/2021,109.9100037,107.4499969,108.1299973,108.3000031,45485500,108.3000031,2.460006714,0.016461726,107.7720001,104.2759995
8/26/2021,109.2300034,106.8399963,108.5699997,107.2699966,51442500,107.2699966,2.390007019,0.006079061,108.1400009,105.1119995
8/27/2021,111.7799988,107.8000031,108.0100021,111.4000015,60970800,111.4000015,3.979995728,0.034904144,108.7500015,106.0839981
8/30/2021,114.4899979,111.2600021,112.6100006,111.3199997,56130500,111.3199997,3.229995728,0.016694763,109.9100006,106.8459991
8/31/2021,111.2600021,109.0299988,111.2600021,110.7200012,49339000,110.7200012,2.230003357,0,111.0040009,108.1259995
9/1/2021,111.8499985,109.8499985,111.3000031,109.9899979,38579600,109.9899979,2,0.004941558,111.3340012,108.4759995
9/2/2021,110.8799973,108.7699966,110.3199997,109.1999969,40090500,109.1999969,2.11000061,0.00507612,111.7220001,108.9559998
9/3/2021,111.1699982,108.5,108.8499985,109.9199982,42605800,109.9199982,2.669998169,0.021313732,112.0519989,109.3419998
9/7/2021,110.5800018,108.6600037,109.9599991,109.1500015,28815200,109.1500015,1.919998169,0.005638439,111.9299988,109.4819992
9/8/2021,109.3000031,105.5199966,108.8799973,106.1699982,43067900,106.1699982,3.780006409,0.003857511,111.1479996,108.9619995
9/9/2021,107.3000031,105.8399963,106.5599976,106.1500015,31857900,106.1500015,1.460006714,0.006944496,110.7559998,108.2599991
9/10/2021,106.9899979,104.9800034,106.9899979,105.1999969,32559400,105.1999969,2.009994507,0,109.8460007,107.4579987
9/13/2021,105.2799988,102.6299973,105.2600021,104.8000031,37767800,104.8000031,2.650001526,0.000189974,109.0680008,106.7
9/14/2021,106.8199997,104.4199982,105.5199966,105.7300034,40629500,105.7300034,2.400001526,0.012319969,107.8900009,105.5259995
9/15/2021,106.3199997,104.0299988,106,105.5999985,37998900,105.5999985,2.290000916,0.003018865,107.1380005,104.6779984
9/16/2021,106.75,103.7600021,104.9199982,106.2200012,38150300,106.2200012,2.989997864,0.017441878,106.5419998,104.3799988
9/17/2021,105.9800034,103.7099991,105.5599976,103.8799973,44528300,103.8799973,2.270004272,0.003978835,106.4319992,103.9639999
9/20/2021,102.5100021,99.51000214,101.5800018,101.5500031,45228400,101.5500031,3,0.009155348,106.2300003,103.7099991
9/21/2021,103.4300003,101.1800003,102.1500015,102.8199997,35481500,102.8199997,2.25,0.01253058,105.676001,103.0860001
9/22/2021,104.5599976,102.2099991,102.8199997,104.3799973,34126300,104.3799973,2.349998474,0.016922757,104.9980011,102.4380005
9/23/2021,106.8600006,103.8899994,104.8899994,106.1500015,32816700,106.1500015,2.970001221,0.018781592,104.6460007,102.0740005
9/24/2021,106.0500031,104.6800003,105.1900024,105.8000031,26482600,105.8000031,1.370002747,0.008175688,104.6680008,102.1
9/27/2021,108.4400024,103.4400024,105.0699997,108.1600037,51944300,108.1600037,5,0.032073882,104.6820007,102.2940002
9/28/2021,107.6500015,101.4199982,106.8399963,101.5199966,74469000,101.5199966,6.230003357,0.007581479,105.8680008,103.0800003
9/29/2021,102.6600037,99.80999756,102.3000031,100.3499985,52224700,100.3499985,2.850006104,0.003519067,106.712001,103.1279999
9/30/2021,104.4400024,101.9899979,102.0800018,102.9000015,57588500,102.9000015,2.450004578,0.023119128,106.3320023,102.6479996
10/1/2021,103,100.6399994,102.5999985,102.4499969,41491600,102.4499969,2.36000061,0.00389865,105.8480026,102.2679993
10/4/2021,101.8499985,99.81999969,101.7399979,100.3399963,41967100,100.3399963,2.029998779,0.001081193,105.238002,101.4599991
10/5/2021,102.8700027,100.6100006,100.9199982,101.8099976,31455200,101.8099976,2.260002136,0.019322281,103.9200012,100.7359985
10/6/2021,103.7200012,100.3499985,100.4499969,103.6399994,39071700,103.6399994,3.370002747,0.032553553,102.9640015,100.573999
10/7/2021,107.9499969,104.4599991,104.5999985,106.4499969,41543100,106.4499969,3.489997864,0.032026755,103.176001,100.6819992
10/8/2021,107.2799988,104.8899994,106.5500031,105.0599976,30584900,105.0599976,2.38999939,0.006851203,103.8779999,101.1759995
10/11/2021,107.1999969,104.0199966,104.6200027,104.6800003,31284400,104.6800003,3.180000305,0.024660621,104.7339996,102.0259995
10/12/2021,106.0400009,104.3399963,105.1699982,105.0400009,34039900,105.0400009,1.700004578,0.008272347,105.8039993,102.8659988
10/13/2021,109.8799973,106.25,106.2799988,109.1600037,55631900,109.1600037,3.629997253,0.033872775,106.437999,103.611998
10/14/2021,112.2200012,109.6299973,110.5,111.9899979,46900200,111.9899979,2.590003967,0.015565622,107.6699982,104.7919983
10/15/2021,112.8399963,111.1100006,112.5100021,112.1200027,34177700,112.1200027,1.729995728,0.002933021,108.523999,105.8259979
10/18/2021,116.8799973,111.3700027,111.9000015,116.4300003,47537800,116.4300003,5.509994507,0.044503983,109.6359985,107.0699982
10/19/2021,117.1699982,114.4700012,116.1600037,116.3300018,39593900,116.3300018,2.699996948,0.008694856,111.5719986,108.5399994
10/20/2021,118.3000031,115.4199982,116.2900009,116.3899994,34244800,116.3899994,2.880004883,0.017284394,113.797998,110.5660004
10/21/2021,119.6800003,116.2600021,116.5,119.3300018,34794900,119.3300018,3.419998169,0.02729614,115.4819992,112.4
10/22/2021,121.5599976,118.3700027,120.8300018,119.8199997,38992700,119.8199997,3.189994812,0.006041511,116.973999,113.726001
10/25/2021,123.4599991,118.5999985,120.5199966,122.3600006,47834100,122.3600006,4.86000061,0.024394312,118.7179993,115.1780014
10/26/2021,127.1999969,122.5800018,122.9899979,122.9300003,59458900,122.9300003,4.619995117,0.034230418,120.0339996,116.6240005
10/27/2021,128.0800018,121.0500031,121.6299973,122.2799988,98245300,122.2799988,7.029998779,0.053029719,122.0399994,118.2460007
10/28/2021,123.5,120.2600021,122.8600006,121.1600037,58002500,121.1600037,3.239997864,0.005209176,123.9959991,119.3720016
10/29/2021,122.5699997,119.8799973,120.9499969,120.2300034,43289800,120.2300034,2.690002441,0.013393987,124.7599991,120.1720016
11/1/2021,125.6699982,118.1299973,119.4499969,125.2300034,54559800,125.2300034,7.540000916,0.052072008,124.9619995,120.4740005
11/2/2021,128.4600067,124.1999969,124.9800034,127.6299973,53491900,127.6299973,4.260009766,0.027844481,125.4039993,120.3800003
11/3/2021,130.6000061,126.7900009,127.75,130.5299988,59537800,130.5299988,3.810005188,0.022309245,125.6560013,120.7039993
11/4/2021,139,130.7700043,132.0099945,137.5,84825200,137.5,8.229995728,0.052950578,126.1600021,121.8519989
11/5/2021,141.2200012,134.4199982,139.1900024,136.3399963,64878000,136.3399963,6.800003052,0.014584372,129.2600021,123.9539993
11/8/2021,153.6000061,137.6999969,137.6999969,150.1600037,141493800,150.1600037,15.90000916,0.115468479,132.9900024,126.8619995
11/9/2021,155.6499939,143.8899994,154.0099945,148.9199982,98442600,148.9199982,11.75999451,0.010648656,138.576004,130.7759995
11/10/2021,146.3000031,138.5200043,143.9299927,139.8699951,82989200,139.8699951,7.779998779,0.016466411,144.0140015,134.7139999
11/11/2021,146.4700012,140.8399963,142.9600067,146.0099945,67934800,146.0099945,5.630004883,0.024552283,147.1540009,137.0600006
11/12/2021,148.5899963,144.25,146.0299988,147.8899994,52124200,147.8899994,4.339996338,0.017530628,148.6480011,139.073999
11/15/2021,148.9799957,142.8600006,148,146.4900055,52271300,146.4900055,6.119995117,0.006621593,150.1220001,141.0399994
11/16/2021,153.0800018,145.3399963,145.9299927,152.4499969,53100800,152.4499969,7.740005493,0.048996159,149.197998,142.0720001
11/17/2021,154.6600037,149.6900024,151.9799957,151.3399963,54527500,151.3399963,4.970001221,0.017633952,148.6839996,142.3619995
11/18/2021,158.8899994,152.5599976,157.0700073,155.0200043,60612700,155.0200043,6.330001831,0.011587139,150.3559998,144.5959991
11/19/2021,156.9199982,153.4499969,155.7599945,155.4100037,41668900,155.4100037,3.470001221,0.007447379,152.8399994,146.9399994
11/22/2021,161.8800049,152.3899994,157.1399994,152.5200043,58674100,152.5200043,9.490005493,0.03016422,154.5059998,148.7799988
11/23/2021,152.6600037,145.3000031,150.4100037,149.9199982,62852700,149.9199982,7.36000061,0.014959111,157.0860016,150.6859985
11/24/2021,157.9299927,147.1900024,149.4600067,157.8000031,60677100,157.8000031,10.73999023,0.056670585,157.002002,150.6779999
11/26/2021,158.1000061,152.8099976,155.8000031,154.8099976,36245100,154.8099976,5.290008545,0.014762535,157.6559998,150.1779999
11/29/2021,162.5099945,156.1000061,157.5,161.9100037,57438900,161.9100037,6.409988403,0.031809489,157.4980011,150.2279999
11/30/2021,164.4600067,155.6799927,163.2799988,158.3699951,75182500,158.3699951,8.780014038,0.007226898,158.6160004,150.7580017
12/1/2021,160.8800049,148.9199982,160.3699951,149.1100006,64039100,149.1100006,11.96000671,0.003180207,159.1320007,151.4160004
12/2/2021,152.5299988,146.4700012,147.6799927,150.6799927,56161200,150.6799927,6.059997559,0.032841321,160.776001,152.1399994
12/3/2021,152.3800049,140.7200012,151.6499939,144.0099945,65856800,144.0099945,11.66000366,0.004813788,159.6960022,151.9959991
12/6/2021,141.3099976,134.1999969,141.1399994,139.0599976,66776500,139.0599976,7.11000061,0.001204465,158.552002,149.5779999
12/7/2021,145.7599945,141,143.8999939,144.8500061,53359400,144.8500061,4.759994507,0.012925648,154.3120026,145.197998
12/8/2021,147.0399933,142.6999969,144.9600067,145.2400055,40921400,145.2400055,4.339996338,0.014348693,150.5720001,142.2619995
