,open,high,low,close,volume,date,atr,highopen,High 5 day average,Low 5 range,bar more than average,close less than low average,good vol,good open minus close
0,31.39,31.5,31.1701,31.32,189908.0,2021-12-08 06:30:00,0.3298999999999985,-0.07000000000000028,,,,,0.0,0.0
1,31.29,31.34,30.93,31.05,142113.0,2021-12-08 06:31:00,0.41000000000000014,-0.23999999999999844,,,,,0.0,0.0
2,31.0445,31.2,30.9,31.07,49874.0,2021-12-08 06:32:00,0.3000000000000007,0.025500000000000966,,,,,0.0,0.0
3,31.07,31.1485,30.9739,31.135,41480.0,2021-12-08 06:33:00,0.1745999999999981,0.06500000000000128,,,,,0.0,0.0
4,31.15,31.22,30.97,31.22,43868.0,2021-12-08 06:34:00,0.25,0.07000000000000028,,,,,0.0,0.0
5,31.2294,31.25,30.91,30.91,43602.0,2021-12-08 06:35:00,0.33999999999999986,-0.31939999999999813,31.2817,30.988800000000005,1.0,1.0,0.0,0.0
6,30.905,31.01,30.8518,30.928,47602.0,2021-12-08 06:36:00,0.15820000000000078,0.022999999999999687,31.2317,30.93678,1.0,1.0,0.0,0.0
7,30.92,31.1,30.92,31.06,51341.0,2021-12-08 06:37:00,0.17999999999999972,0.13999999999999702,31.165699999999998,30.921139999999998,1.0,0.0,51341.0,0.13999999999999702
8,31.03,31.06,30.83,30.9899,36299.0,2021-12-08 06:38:00,0.23000000000000043,-0.04010000000000247,31.145699999999998,30.92514,1.0,0.0,0.0,0.0
9,30.9724,31.05,30.91,30.98,29302.0,2021-12-08 06:39:00,0.14000000000000057,0.007600000000000051,31.128000000000004,30.896359999999998,0.0,0.0,0.0,0.0
10,30.965,31.45,30.93,31.285,143101.0,2021-12-08 06:40:00,0.5199999999999996,0.3200000000000003,31.094000000000005,30.884360000000004,1.0,0.0,143101.0,0.3200000000000003
11,31.2538,31.5483,31.25,31.5478,78067.0,2021-12-08 06:41:00,0.2983000000000011,0.2940000000000005,31.133999999999997,30.88836,0.0,0.0,78067.0,0.2940000000000005
12,31.53,31.71,31.5,31.7,74716.0,2021-12-08 06:42:00,0.21000000000000085,0.16999999999999815,31.241660000000003,30.968,1.0,0.0,74716.0,0.16999999999999815
13,31.71,31.7117,31.41,31.45,54348.0,2021-12-08 06:43:00,0.3017000000000003,-0.26000000000000156,31.36366,31.083999999999996,1.0,0.0,0.0,0.0
14,31.43,31.4899,31.28,31.37,53357.0,2021-12-08 06:44:00,0.20989999999999753,-0.05999999999999872,31.494,31.2,1.0,0.0,0.0,0.0
15,31.3859,31.92,31.3859,31.8078,95755.0,2021-12-08 06:45:00,0.5341000000000022,0.42190000000000083,31.581980000000005,31.274,1.0,0.0,95755.0,0.42190000000000083
16,31.77,31.8,31.63,31.67,52509.0,2021-12-08 06:46:00,0.1700000000000017,-0.09999999999999787,31.675980000000003,31.36518,1.0,0.0,0.0,0.0
17,31.685,31.85,31.6442,31.8,33652.0,2021-12-08 06:47:00,0.20579999999999998,0.11500000000000199,31.726319999999998,31.441179999999996,1.0,0.0,33652.0,0.11500000000000199
18,31.82,31.98,31.82,31.98,48053.0,2021-12-08 06:48:00,0.16000000000000014,0.16000000000000014,31.75432,31.470019999999998,0.0,0.0,48053.0,0.16000000000000014
19,31.9674,32.0799,31.87,32.0306,74705.0,2021-12-08 06:49:00,0.20990000000000109,0.06319999999999837,31.807979999999997,31.55202,1.0,0.0,0.0,0.0
20,32.03,32.28,31.99,32.2531,70321.0,2021-12-08 06:50:00,0.2900000000000027,0.2231000000000023,31.92598,31.67002,1.0,0.0,70321.0,0.2231000000000023
21,32.2501,32.4,32.17,32.36,71433.0,2021-12-08 06:51:00,0.22999999999999687,0.10989999999999611,31.997980000000002,31.790840000000003,1.0,0.0,71433.0,0.10989999999999611
22,32.34,32.3799,32.23,32.36,63897.0,2021-12-08 06:52:00,0.14990000000000236,0.01999999999999602,32.11798,31.89884,1.0,0.0,0.0,0.0
23,32.36,32.49,32.33,32.33,131297.0,2021-12-08 06:53:00,0.1600000000000037,-0.030000000000001137,32.22396,32.016,1.0,0.0,0.0,0.0
24,32.33,32.34,32.12,32.175,111013.0,2021-12-08 06:54:00,0.22000000000000597,-0.15500000000000114,32.32596,32.117999999999995,1.0,0.0,0.0,0.0
25,32.175,32.26,32.05,32.065,54493.0,2021-12-08 06:55:00,0.21000000000000085,-0.10999999999999943,32.37798,32.16799999999999,1.0,1.0,0.0,0.0
26,32.08,32.2,32.03,32.16,54416.0,2021-12-08 06:56:00,0.1700000000000017,0.0799999999999983,32.37398,32.17999999999999,1.0,1.0,0.0,0.0
27,32.175,32.183,32.06,32.09,32400.0,2021-12-08 06:57:00,0.12299999999999756,-0.08499999999999375,32.33398,32.152,1.0,1.0,0.0,0.0
28,32.09,32.15,31.95,31.98,44817.0,2021-12-08 06:58:00,0.1999999999999993,-0.11000000000000298,32.2946,32.117999999999995,1.0,1.0,0.0,0.0
29,31.9724,32.0,31.8859,31.94,54511.0,2021-12-08 06:59:00,0.11410000000000053,-0.032399999999999096,32.226600000000005,32.041999999999994,1.0,1.0,0.0,0.0
30,31.94,32.1,31.93,31.995,70196.0,2021-12-08 07:00:00,0.1700000000000017,0.054999999999999716,32.1586,31.995179999999998,1.0,1.0,0.0,0.0
31,31.98,32.06,31.9587,31.97,32122.0,2021-12-08 07:01:00,0.10130000000000194,-0.010000000000001563,32.1266,31.971180000000004,1.0,1.0,0.0,0.0
32,31.92,31.995,31.89,31.96,27831.0,2021-12-08 07:02:00,0.10500000000000043,0.03999999999999915,32.0986,31.956920000000004,0.0,0.0,0.0,0.0
33,31.97,31.99,31.87,31.99,39066.0,2021-12-08 07:03:00,0.11999999999999744,0.019999999999999574,32.061,31.922919999999998,0.0,0.0,0.0,0.0
34,31.96,31.96,31.82,31.8519,30226.0,2021-12-08 07:04:00,0.14000000000000057,-0.10810000000000031,32.029,31.906919999999996,0.0,1.0,0.0,0.0
35,31.86,31.89,31.7709,31.88,43168.0,2021-12-08 07:05:00,0.11909999999999954,0.019999999999999574,32.021,31.89374,1.0,1.0,0.0,0.0
36,31.89,32.13,31.89,32.11,54457.0,2021-12-08 07:06:00,0.240000000000002,0.21999999999999886,31.978999999999996,31.861920000000005,1.0,0.0,54457.0,0.21999999999999886
37,32.13,32.22,32.1001,32.175,49672.0,2021-12-08 07:07:00,0.11990000000000123,0.0449999999999946,31.993000000000002,31.848180000000003,1.0,0.0,0.0,0.0
38,32.137,32.155,32.02,32.0701,42504.0,2021-12-08 07:08:00,0.134999999999998,-0.06690000000000396,32.038,31.8902,1.0,0.0,0.0,0.0
39,32.075,32.08,32.0,32.04,22958.0,2021-12-08 07:09:00,0.0799999999999983,-0.035000000000003695,32.071,31.9202,0.0,0.0,0.0,0.0
40,32.0496,32.19,32.0496,32.105,38203.0,2021-12-08 07:10:00,0.14039999999999964,0.055399999999998784,32.095000000000006,31.956200000000003,1.0,0.0,0.0,0.0
41,32.095,32.12,32.03,32.08,15924.0,2021-12-08 07:11:00,0.0899999999999963,-0.015000000000000568,32.154999999999994,32.011939999999996,0.0,0.0,0.0,0.0
42,32.0868,32.12,32.06,32.1,17447.0,2021-12-08 07:12:00,0.05999999999999517,0.013200000000004763,32.153,32.03994,0.0,0.0,0.0,0.0
43,32.09,32.2,32.0601,32.115,22473.0,2021-12-08 07:13:00,0.13990000000000435,0.02499999999999858,32.132999999999996,32.03192,0.0,0.0,0.0,0.0
44,32.0769,32.1199,32.0,32.02,22013.0,2021-12-08 07:14:00,0.11990000000000123,-0.05689999999999884,32.141999999999996,32.03994,0.0,1.0,0.0,0.0
45,32.0,32.15,32.0,32.11,40483.0,2021-12-08 07:15:00,0.14999999999999858,0.10999999999999943,32.14998,32.03994,1.0,0.0,40483.0,0.10999999999999943
46,32.13,32.35,32.13,32.2652,68597.0,2021-12-08 07:16:00,0.21999999999999886,0.13519999999999754,32.141980000000004,32.03002,1.0,0.0,68597.0,0.13519999999999754
47,32.27,32.34,32.26,32.275,31265.0,2021-12-08 07:17:00,0.0800000000000054,0.0049999999999954525,32.187979999999996,32.05002,0.0,0.0,0.0,0.0
48,32.2693,32.38,32.2612,32.36,42159.0,2021-12-08 07:18:00,0.11880000000000024,0.09069999999999823,32.23198,32.090019999999996,1.0,0.0,42159.0,0.09069999999999823
49,32.36,32.37,32.3027,32.3459,21070.0,2021-12-08 07:19:00,0.06729999999999592,-0.014099999999999113,32.26798,32.13024,0.0,0.0,0.0,0.0
50,32.3499,32.43,32.33,32.4182,38417.0,2021-12-08 07:20:00,0.10000000000000142,0.0683000000000007,32.318,32.19078,1.0,0.0,0.0,0.0
51,32.4179,32.49,32.4179,32.475,52725.0,2021-12-08 07:21:00,0.07209999999999894,0.057099999999998374,32.374,32.256780000000006,0.0,0.0,0.0,0.0
52,32.47,32.475,32.37,32.4165,37816.0,2021-12-08 07:22:00,0.10500000000000398,-0.05349999999999966,32.402,32.31436,1.0,0.0,0.0,0.0
53,32.43,32.48,32.38,32.39,28570.0,2021-12-08 07:23:00,0.09999999999999432,-0.03999999999999915,32.429,32.33636,0.0,0.0,0.0,0.0
54,32.36,32.449,32.36,32.39,14261.0,2021-12-08 07:24:00,0.08899999999999864,0.030000000000001137,32.449,32.36012,0.0,0.0,0.0,0.0
55,32.38,32.4,32.31,32.34,14993.0,2021-12-08 07:25:00,0.0899999999999963,-0.03999999999999915,32.464800000000004,32.371579999999994,0.0,1.0,0.0,0.0
56,32.35,32.38,32.32,32.35,18871.0,2021-12-08 07:26:00,0.060000000000002274,0.0,32.458800000000004,32.36758,0.0,1.0,0.0,0.0
57,32.35,32.43,32.3301,32.4084,18527.0,2021-12-08 07:27:00,0.0998999999999981,0.0583999999999989,32.4368,32.348,0.0,0.0,0.0,0.0
58,32.4,32.4,32.36,32.39,26822.0,2021-12-08 07:28:00,0.03999999999999915,-0.00999999999999801,32.427800000000005,32.34002,0.0,0.0,0.0,0.0
59,32.39,32.39,32.33,32.3301,19098.0,2021-12-08 07:29:00,0.060000000000002274,-0.059899999999998954,32.4118,32.336020000000005,0.0,1.0,0.0,0.0
60,32.3512,32.37,32.2576,32.3,26853.0,2021-12-08 07:30:00,0.11240000000000094,-0.05120000000000147,32.4,32.330020000000005,0.0,1.0,0.0,0.0
61,32.32,32.36,32.3101,32.325,8827.0,2021-12-08 07:31:00,0.049900000000000944,0.005000000000002558,32.394000000000005,32.31954,0.0,0.0,0.0,0.0
62,32.325,32.39,32.3,32.37,17983.0,2021-12-08 07:32:00,0.09000000000000341,0.0449999999999946,32.39,32.31756,0.0,0.0,0.0,0.0
63,32.37,32.6099,32.36,32.57,108689.0,2021-12-08 07:33:00,0.24990000000000379,0.20000000000000284,32.38199999999999,32.31154,1.0,0.0,108689.0,0.20000000000000284
64,32.56,32.59,32.525,32.53,33380.0,2021-12-08 07:34:00,0.06500000000000483,-0.030000000000001137,32.42398,32.31154,0.0,0.0,0.0,0.0
65,32.515,32.53,32.39,32.4201,33662.0,2021-12-08 07:35:00,0.14000000000000057,-0.09490000000000265,32.46398,32.35054,1.0,0.0,0.0,0.0
66,32.42,32.502,32.34,32.502,32596.0,2021-12-08 07:36:00,0.16199999999999903,0.08200000000000074,32.49598,32.377019999999995,0.0,0.0,0.0,0.0
67,32.5084,32.64,32.5,32.555,46820.0,2021-12-08 07:37:00,0.14000000000000057,0.046599999999997976,32.52438,32.382999999999996,1.0,0.0,0.0,0.0
68,32.545,32.65,32.542,32.608,48423.0,2021-12-08 07:38:00,0.10799999999999699,0.06299999999999528,32.574380000000005,32.423,1.0,0.0,0.0,0.0
69,32.605,32.66,32.55,32.591,23600.0,2021-12-08 07:39:00,0.10999999999999943,-0.013999999999995794,32.5824,32.4594,0.0,0.0,0.0,0.0
70,32.58,32.62,32.54,32.54,31098.0,2021-12-08 07:40:00,0.0799999999999983,-0.03999999999999915,32.5964,32.4644,0.0,0.0,0.0,0.0
71,32.555,32.62,32.51,32.58,35118.0,2021-12-08 07:41:00,0.10999999999999943,0.02499999999999858,32.6144,32.4944,1.0,0.0,0.0,0.0
72,32.575,32.58,32.493,32.493,12957.0,2021-12-08 07:42:00,0.08699999999999619,-0.08200000000000074,32.638,32.5284,0.0,1.0,0.0,0.0
73,32.5,32.5,32.38,32.4,11415.0,2021-12-08 07:43:00,0.11999999999999744,-0.10000000000000142,32.626,32.527,0.0,1.0,0.0,0.0
74,32.4,32.425,32.36,32.38,23339.0,2021-12-08 07:44:00,0.06499999999999773,-0.01999999999999602,32.596000000000004,32.4946,0.0,1.0,0.0,0.0
75,32.37,32.43,32.31,32.31,32971.0,2021-12-08 07:45:00,0.11999999999999744,-0.05999999999999517,32.549,32.4566,1.0,1.0,0.0,0.0
76,32.31,32.3898,32.27,32.311,26357.0,2021-12-08 07:46:00,0.11979999999999791,0.0009999999999976694,32.511,32.4106,0.0,1.0,0.0,0.0
77,32.335,32.355,32.27,32.27,12365.0,2021-12-08 07:47:00,0.08499999999999375,-0.06499999999999773,32.464960000000005,32.3626,0.0,1.0,0.0,0.0
78,32.29,32.3,32.23,32.23,13913.0,2021-12-08 07:48:00,0.07000000000000028,-0.060000000000002274,32.419959999999996,32.318000000000005,0.0,1.0,0.0,0.0
79,32.22,32.415,32.22,32.4,32036.0,2021-12-08 07:49:00,0.19500000000000028,0.17999999999999972,32.37996,32.288,1.0,0.0,32036.0,0.17999999999999972
80,32.4081,32.445,32.37,32.4401,20273.0,2021-12-08 07:50:00,0.07500000000000284,0.03200000000000358,32.37796,32.260000000000005,0.0,0.0,0.0,0.0
81,32.44,32.4499,32.37,32.41,10667.0,2021-12-08 07:51:00,0.07990000000000208,-0.030000000000001137,32.38096,32.272000000000006,0.0,0.0,0.0,0.0
82,32.4,32.4983,32.4,32.47,12430.0,2021-12-08 07:52:00,0.09830000000000183,0.07000000000000028,32.39298,32.292,0.0,0.0,0.0,0.0
83,32.49,32.6,32.48,32.57,48041.0,2021-12-08 07:53:00,0.12000000000000455,0.0799999999999983,32.42164,32.318,1.0,0.0,0.0,0.0
84,32.565,32.59,32.525,32.58,9432.0,2021-12-08 07:54:00,0.06500000000000483,0.015000000000000568,32.48164,32.368,0.0,0.0,0.0,0.0
85,32.58,32.72,32.55,32.7,85527.0,2021-12-08 07:55:00,0.1700000000000017,0.12000000000000455,32.51664,32.428999999999995,1.0,0.0,85527.0,0.12000000000000455
86,32.6901,32.7127,32.645,32.685,21967.0,2021-12-08 07:56:00,0.06769999999999499,-0.005099999999998772,32.57164,32.464999999999996,0.0,0.0,0.0,0.0
87,32.698,32.71,32.66,32.68,20970.0,2021-12-08 07:57:00,0.05000000000000426,-0.018000000000000682,32.624199999999995,32.519999999999996,0.0,0.0,0.0,0.0
88,32.66,32.71,32.64,32.695,24459.0,2021-12-08 07:58:00,0.07000000000000028,0.035000000000003695,32.666540000000005,32.571999999999996,0.0,0.0,0.0,0.0
89,32.6998,32.73,32.61,32.63,23251.0,2021-12-08 07:59:00,0.11999999999999744,-0.06980000000000075,32.68854,32.604,0.0,0.0,0.0,0.0
90,32.64,32.685,32.6032,32.66,24786.0,2021-12-08 08:00:00,0.0818000000000012,0.01999999999999602,32.716539999999995,32.621,0.0,0.0,0.0,0.0
91,32.667,32.69,32.64,32.66,16876.0,2021-12-08 08:01:00,0.04999999999999716,-0.007000000000005002,32.70954,32.631640000000004,0.0,0.0,0.0,0.0
92,32.67,32.7,32.6538,32.67,36676.0,2021-12-08 08:02:00,0.046200000000006014,0.0,32.705,32.63063999999999,0.0,0.0,0.0,0.0
93,32.6601,32.87,32.6501,32.865,112885.0,2021-12-08 08:03:00,0.21989999999999554,0.20490000000000208,32.702999999999996,32.6294,0.0,0.0,112885.0,0.20490000000000208
94,32.8601,32.87,32.7801,32.8005,48314.0,2021-12-08 08:04:00,0.08990000000000009,-0.059600000000003206,32.735,32.631420000000006,1.0,0.0,0.0,0.0
95,32.8078,32.83,32.78,32.824,21484.0,2021-12-08 08:05:00,0.04999999999999716,0.016199999999997772,32.763,32.665440000000004,0.0,0.0,0.0,0.0
96,32.821,32.835,32.7899,32.8253,33450.0,2021-12-08 08:06:00,0.04509999999999792,0.004300000000000637,32.791999999999994,32.7008,0.0,0.0,0.0,0.0
97,32.82,32.82,32.73,32.74,27585.0,2021-12-08 08:07:00,0.09000000000000341,-0.0799999999999983,32.821,32.73078,0.0,0.0,0.0,0.0
98,32.73,32.75,32.72,32.74,24697.0,2021-12-08 08:08:00,0.030000000000001137,0.010000000000005116,32.845,32.74602,0.0,1.0,0.0,0.0
99,32.75,32.78,32.74,32.76,7867.0,2021-12-08 08:09:00,0.03999999999999915,0.00999999999999801,32.821,32.760000000000005,0.0,1.0,0.0,0.0
100,32.75,32.8,32.75,32.775,10708.0,2021-12-08 08:10:00,0.04999999999999716,0.02499999999999858,32.803,32.75198,0.0,0.0,0.0,0.0
101,32.765,32.84,32.76,32.7999,20418.0,2021-12-08 08:11:00,0.0800000000000054,0.034900000000000375,32.797000000000004,32.74598,0.0,0.0,0.0,0.0
102,32.7987,32.84,32.76,32.8119,33621.0,2021-12-08 08:12:00,0.0800000000000054,0.013200000000004763,32.797999999999995,32.739999999999995,0.0,0.0,0.0,0.0
103,32.81,32.85,32.76,32.84,39543.0,2021-12-08 08:13:00,0.09000000000000341,0.030000000000001137,32.80200000000001,32.745999999999995,1.0,0.0,0.0,0.0
104,32.84,32.93,32.8332,32.8988,50394.0,2021-12-08 08:14:00,0.09680000000000177,0.058799999999997965,32.821999999999996,32.754,1.0,0.0,0.0,0.0
105,32.9,32.92,32.86,32.9,16929.0,2021-12-08 08:15:00,0.060000000000002274,0.0,32.852000000000004,32.772639999999996,0.0,0.0,0.0,0.0
106,32.88,32.89,32.84,32.88,32671.0,2021-12-08 08:16:00,0.04999999999999716,0.0,32.876,32.79464,0.0,0.0,0.0,0.0
107,32.875,32.98,32.86,32.935,24660.0,2021-12-08 08:17:00,0.11999999999999744,0.060000000000002274,32.886,32.81063999999999,0.0,0.0,0.0,0.0
108,32.945,32.955,32.85,32.86,21169.0,2021-12-08 08:18:00,0.10499999999999687,-0.08500000000000085,32.914,32.83064,0.0,0.0,0.0,0.0
109,32.86,32.91,32.85,32.8601,40218.0,2021-12-08 08:19:00,0.05999999999999517,0.00010000000000331966,32.935,32.848639999999996,0.0,0.0,0.0,0.0
110,32.87,32.87,32.76,32.8149,36564.0,2021-12-08 08:20:00,0.10999999999999943,-0.05509999999999593,32.931,32.852,1.0,1.0,0.0,0.0
111,32.85,32.89,32.8,32.81,9825.0,2021-12-08 08:21:00,0.09000000000000341,-0.03999999999999915,32.92100000000001,32.832,0.0,1.0,0.0,0.0
112,32.79,32.83,32.78,32.82,38902.0,2021-12-08 08:22:00,0.04999999999999716,0.030000000000001137,32.92100000000001,32.824,0.0,1.0,0.0,0.0
113,32.81,32.865,32.8,32.84,15178.0,2021-12-08 08:23:00,0.06500000000000483,0.030000000000001137,32.891,32.808,0.0,0.0,0.0,0.0
114,32.8321,32.86,32.8,32.85,18448.0,2021-12-08 08:24:00,0.060000000000002274,0.017900000000004468,32.873000000000005,32.798,0.0,0.0,0.0,0.0
115,32.85,32.85,32.76,32.785,19365.0,2021-12-08 08:25:00,0.09000000000000341,-0.06500000000000483,32.863,32.788,0.0,1.0,0.0,0.0
116,32.8,32.832,32.78,32.8,19595.0,2021-12-08 08:26:00,0.0519999999999996,0.0,32.858999999999995,32.788,0.0,0.0,0.0,0.0
117,32.8,32.805,32.76,32.79,25231.0,2021-12-08 08:27:00,0.045000000000001705,-0.00999999999999801,32.8474,32.784,0.0,0.0,0.0,0.0
118,32.7916,32.7916,32.73,32.765,21453.0,2021-12-08 08:28:00,0.06160000000000565,-0.026600000000001955,32.8424,32.779999999999994,0.0,1.0,0.0,0.0
119,32.76,32.7686,32.7,32.745,24107.0,2021-12-08 08:29:00,0.06859999999999644,-0.015000000000000568,32.82772,32.766,0.0,1.0,0.0,0.0
120,32.75,32.9,32.75,32.9,41852.0,2021-12-08 08:30:00,0.14999999999999858,0.14999999999999858,32.809439999999995,32.745999999999995,0.0,0.0,41852.0,0.14999999999999858
121,32.8894,32.935,32.865,32.87,29345.0,2021-12-08 08:31:00,0.07000000000000028,-0.019400000000004525,32.81944,32.74399999999999,0.0,0.0,0.0,0.0
122,32.865,32.88,32.78,32.85,43973.0,2021-12-08 08:32:00,0.10000000000000142,-0.015000000000000568,32.84004,32.761,1.0,0.0,0.0,0.0
123,32.85,32.8599,32.78,32.8,19807.0,2021-12-08 08:33:00,0.07990000000000208,-0.05000000000000426,32.85504,32.765,0.0,0.0,0.0,0.0
124,32.795,32.85,32.79,32.84,15176.0,2021-12-08 08:34:00,0.060000000000002274,0.045000000000001705,32.868700000000004,32.775,0.0,0.0,0.0,0.0
125,32.85,32.91,32.83,32.8976,22381.0,2021-12-08 08:35:00,0.0799999999999983,0.047599999999995646,32.88498,32.793,0.0,0.0,0.0,0.0
126,32.905,32.9574,32.8901,32.915,28206.0,2021-12-08 08:36:00,0.06730000000000302,0.00999999999999801,32.88698,32.809000000000005,0.0,0.0,0.0,0.0
127,32.9268,32.95,32.92,32.925,34375.0,2021-12-08 08:37:00,0.030000000000001137,-0.0018000000000029104,32.89146,32.81402,0.0,0.0,0.0,0.0
128,32.925,32.99,32.925,32.98,25520.0,2021-12-08 08:38:00,0.06500000000000483,0.054999999999999716,32.905460000000005,32.842020000000005,0.0,0.0,0.0,0.0
129,32.98,33.04,32.96,33.0198,37049.0,2021-12-08 08:39:00,0.0799999999999983,0.03979999999999961,32.93148,32.87102,0.0,0.0,0.0,0.0
130,33.012,33.03,33.01,33.015,53030.0,2021-12-08 08:40:00,0.020000000000003126,0.0030000000000001137,32.96948,32.90502,0.0,0.0,0.0,0.0
131,33.015,33.03,32.9601,32.99,34396.0,2021-12-08 08:41:00,0.06990000000000407,-0.02499999999999858,32.99348,32.941019999999995,0.0,0.0,0.0,0.0
132,32.98,33.0,32.94,32.94,25406.0,2021-12-08 08:42:00,0.060000000000002274,-0.03999999999999915,33.007999999999996,32.955020000000005,0.0,1.0,0.0,0.0
133,32.95,32.98,32.9304,32.965,18966.0,2021-12-08 08:43:00,0.04959999999999809,0.015000000000000568,33.018,32.959019999999995,0.0,0.0,0.0,0.0
134,32.97,32.988,32.91,32.95,12150.0,2021-12-08 08:44:00,0.07800000000000296,-0.01999999999999602,33.016,32.9601,0.0,1.0,0.0,0.0
135,32.9631,33.08,32.9463,33.055,29512.0,2021-12-08 08:45:00,0.1336999999999975,0.09190000000000254,33.0056,32.9501,0.0,0.0,0.0,0.0
136,33.0799,33.08,33.04,33.045,16880.0,2021-12-08 08:46:00,0.03999999999999915,-0.034900000000000375,33.01559999999999,32.93736,0.0,0.0,0.0,0.0
137,33.05,33.12,33.04,33.0919,23998.0,2021-12-08 08:47:00,0.0799999999999983,0.04190000000000538,33.0256,32.95334,0.0,0.0,0.0,0.0
138,33.0941,33.1,33.04,33.075,10119.0,2021-12-08 08:48:00,0.060000000000002274,-0.019099999999994566,33.0496,32.97333999999999,0.0,0.0,0.0,0.0
139,33.075,33.08,33.04,33.07,14019.0,2021-12-08 08:49:00,0.03999999999999915,-0.005000000000002558,33.0736,32.995259999999995,0.0,0.0,0.0,0.0
140,33.0693,33.1511,33.0693,33.1511,32749.0,2021-12-08 08:50:00,0.0818000000000012,0.0818000000000012,33.092,33.02126,0.0,0.0,0.0,0.0
141,33.15,33.2,33.14,33.152,73165.0,2021-12-08 08:51:00,0.060000000000002274,0.0020000000000024443,33.10621999999999,33.04586,0.0,0.0,0.0,0.0
142,33.15,33.19,33.1031,33.1031,32405.0,2021-12-08 08:52:00,0.08689999999999998,-0.04690000000000083,33.130219999999994,33.06586,1.0,0.0,0.0,0.0
143,33.11,33.12,33.08,33.0998,10677.0,2021-12-08 08:53:00,0.03999999999999915,-0.010199999999997544,33.144220000000004,33.07848,0.0,0.0,0.0,0.0
144,33.1,33.12,33.0501,33.1177,35211.0,2021-12-08 08:54:00,0.06989999999999696,0.01769999999999783,33.14822,33.086479999999995,0.0,0.0,0.0,0.0
145,33.1,33.11,33.06,33.0616,16664.0,2021-12-08 08:55:00,0.04999999999999716,-0.038400000000002876,33.156220000000005,33.088499999999996,0.0,1.0,0.0,0.0
146,33.07,33.19,33.07,33.19,25317.0,2021-12-08 08:56:00,0.11999999999999744,0.11999999999999744,33.148,33.08664,0.0,0.0,0.0,0.0
147,33.195,33.2899,33.195,33.2679,57347.0,2021-12-08 08:57:00,0.09490000000000265,0.07289999999999708,33.146,33.07264,1.0,0.0,0.0,0.0
148,33.27,33.3299,33.26,33.2621,43269.0,2021-12-08 08:58:00,0.06990000000000407,-0.007900000000006457,33.165980000000005,33.09102,0.0,0.0,0.0,0.0
149,33.2743,33.28,33.18,33.26,26732.0,2021-12-08 08:59:00,0.10000000000000142,-0.014299999999998647,33.20796,33.12702,0.0,0.0,0.0,0.0
150,33.26,33.31,33.22,33.27,34419.0,2021-12-08 09:00:00,0.09000000000000341,0.010000000000005116,33.23996,33.153,1.0,0.0,0.0,0.0
151,33.26,33.26,33.225,33.25,11484.0,2021-12-08 09:01:00,0.03499999999999659,-0.00999999999999801,33.27996,33.185,0.0,0.0,0.0,0.0
152,33.2573,33.2573,33.18,33.19,13233.0,2021-12-08 09:02:00,0.07730000000000103,-0.06730000000000302,33.29396,33.215999999999994,0.0,1.0,0.0,0.0
153,33.18,33.2415,33.177,33.2283,17148.0,2021-12-08 09:03:00,0.06450000000000244,0.04829999999999757,33.287440000000004,33.213,0.0,0.0,0.0,0.0
154,33.2386,33.27,33.22,33.27,15990.0,2021-12-08 09:04:00,0.05000000000000426,0.03140000000000498,33.269760000000005,33.1964,0.0,0.0,0.0,0.0
155,33.275,33.275,33.13,33.1924,28726.0,2021-12-08 09:05:00,0.14499999999999602,-0.08259999999999934,33.26776,33.2044,0.0,1.0,0.0,0.0
156,33.1924,33.265,33.175,33.26,20844.0,2021-12-08 09:06:00,0.09000000000000341,0.06759999999999877,33.260760000000005,33.1864,0.0,0.0,0.0,0.0
157,33.255,33.295,33.24,33.28,26031.0,2021-12-08 09:07:00,0.054999999999999716,0.02499999999999858,33.26176,33.1764,0.0,0.0,0.0,0.0
158,33.275,33.29,33.235,33.259,10739.0,2021-12-08 09:08:00,0.054999999999999716,-0.015999999999998238,33.26930000000001,33.1884,0.0,0.0,0.0,0.0
159,33.26,33.31,33.23,33.255,33544.0,2021-12-08 09:09:00,0.0800000000000054,-0.0049999999999954525,33.279,33.2,0.0,0.0,0.0,0.0
160,33.27,33.32,33.26,33.3047,17797.0,2021-12-08 09:10:00,0.060000000000002274,0.034699999999993736,33.287,33.202000000000005,0.0,0.0,0.0,0.0
161,33.3,33.3599,33.2726,33.3538,29463.0,2021-12-08 09:11:00,0.08730000000000615,0.05380000000000251,33.296,33.227999999999994,0.0,0.0,0.0,0.0
162,33.35,33.35,33.32,33.34,20121.0,2021-12-08 09:12:00,0.030000000000001137,-0.00999999999999801,33.314980000000006,33.247519999999994,0.0,0.0,0.0,0.0
163,33.3428,33.39,33.33,33.37,29576.0,2021-12-08 09:13:00,0.060000000000002274,0.027200000000000557,33.32598,33.26351999999999,0.0,0.0,0.0,0.0
164,33.3601,33.415,33.36,33.401,35490.0,2021-12-08 09:14:00,0.054999999999999716,0.0409000000000006,33.34598,33.28252,0.0,0.0,0.0,0.0
165,33.405,33.415,33.3601,33.39,17555.0,2021-12-08 09:15:00,0.054899999999996396,-0.015000000000000568,33.36698,33.30852,0.0,0.0,0.0,0.0
166,33.3995,33.43,33.35,33.42,37022.0,2021-12-08 09:16:00,0.0799999999999983,0.02049999999999841,33.38598,33.32854,0.0,0.0,0.0,0.0
167,33.4292,33.45,33.4,33.4134,24865.0,2021-12-08 09:17:00,0.05000000000000426,-0.015799999999998704,33.4,33.34402,0.0,0.0,0.0,0.0
168,33.41,33.47,33.375,33.445,44870.0,2021-12-08 09:18:00,0.09499999999999886,0.035000000000003695,33.42,33.360020000000006,1.0,0.0,0.0,0.0
169,33.45,33.49,33.44,33.47,44100.0,2021-12-08 09:19:00,0.05000000000000426,0.01999999999999602,33.43599999999999,33.36902,0.0,0.0,0.0,0.0
170,33.465,33.48,33.34,33.38,56060.0,2021-12-08 09:20:00,0.13999999999999346,-0.08500000000000085,33.451,33.385020000000004,1.0,1.0,0.0,0.0
171,33.39,33.4,33.35,33.3914,26223.0,2021-12-08 09:21:00,0.04999999999999716,0.0013999999999967372,33.464,33.381,0.0,0.0,0.0,0.0
172,33.385,33.41,33.36,33.38,32985.0,2021-12-08 09:22:00,0.04999999999999716,-0.0049999999999954525,33.458,33.381,0.0,1.0,0.0,0.0
173,33.38,33.395,33.35,33.37,13460.0,2021-12-08 09:23:00,0.045000000000001705,-0.010000000000005116,33.45,33.373000000000005,0.0,1.0,0.0,0.0
174,33.365,33.37,33.31,33.31,16047.0,2021-12-08 09:24:00,0.05999999999999517,-0.054999999999999716,33.435,33.368,0.0,1.0,0.0,0.0
175,33.317,33.35,33.277,33.347,22745.0,2021-12-08 09:25:00,0.0730000000000004,0.030000000000001137,33.411,33.342,0.0,0.0,0.0,0.0
176,33.345,33.345,33.3,33.315,24168.0,2021-12-08 09:26:00,0.045000000000001705,-0.030000000000001137,33.385000000000005,33.3294,0.0,1.0,0.0,0.0
177,33.315,33.34,33.3016,33.3189,12518.0,2021-12-08 09:27:00,0.038400000000002876,0.003900000000001569,33.374,33.31940000000001,0.0,1.0,0.0,0.0
178,33.32,33.34,33.31,33.315,12731.0,2021-12-08 09:28:00,0.030000000000001137,-0.005000000000002558,33.36,33.30772,0.0,0.0,0.0,0.0
179,33.31,33.39,33.3,33.37,21350.0,2021-12-08 09:29:00,0.09000000000000341,0.05999999999999517,33.349000000000004,33.29972,0.0,0.0,0.0,0.0
180,33.3784,33.3819,33.3487,33.37,14980.0,2021-12-08 09:30:00,0.033200000000000784,-0.00840000000000174,33.352999999999994,33.297720000000005,0.0,0.0,0.0,0.0
181,33.38,33.38,33.35,33.3601,3536.0,2021-12-08 09:31:00,0.030000000000001137,-0.019899999999999807,33.35938,33.312059999999995,0.0,0.0,0.0,0.0
182,33.36,33.37,33.31,33.37,22871.0,2021-12-08 09:32:00,0.05999999999999517,0.00999999999999801,33.36638000000001,33.32206,0.0,0.0,0.0,0.0
183,33.36,33.365,33.34,33.3472,8893.0,2021-12-08 09:33:00,0.02499999999999858,-0.01279999999999859,33.37238000000001,33.32374,0.0,0.0,0.0,0.0
184,33.345,33.4,33.3215,33.38,25160.0,2021-12-08 09:34:00,0.07849999999999824,0.035000000000003695,33.37738,33.32974,0.0,0.0,0.0,0.0
185,33.36,33.3866,33.36,33.37,14457.0,2021-12-08 09:35:00,0.026600000000001955,0.00999999999999801,33.379380000000005,33.33404,0.0,0.0,0.0,0.0
186,33.37,33.38,33.33,33.33,23456.0,2021-12-08 09:36:00,0.05000000000000426,-0.03999999999999915,33.380320000000005,33.33630000000001,0.0,1.0,0.0,0.0
187,33.325,33.35,33.325,33.34,9973.0,2021-12-08 09:37:00,0.02499999999999858,0.015000000000000568,33.38032,33.3323,0.0,0.0,0.0,0.0
188,33.34,33.37,33.325,33.368,14280.0,2021-12-08 09:38:00,0.0449999999999946,0.027999999999998693,33.37632,33.3353,0.0,0.0,0.0,0.0
189,33.36,33.36,33.335,33.335,11968.0,2021-12-08 09:39:00,0.02499999999999858,-0.02499999999999858,33.37732,33.3323,0.0,0.0,0.0,0.0
190,33.32,33.385,33.29,33.3301,22599.0,2021-12-08 09:40:00,0.09499999999999886,0.01010000000000133,33.36932,33.335,0.0,1.0,0.0,0.0
191,33.335,33.37,33.329,33.37,10228.0,2021-12-08 09:41:00,0.04099999999999682,0.03499999999999659,33.36899999999999,33.321,0.0,0.0,0.0,0.0
192,33.37,33.44,33.37,33.4327,16549.0,2021-12-08 09:42:00,0.07000000000000028,0.06269999999999953,33.367000000000004,33.320800000000006,0.0,0.0,0.0,0.0
193,33.43,33.45,33.41,33.415,18306.0,2021-12-08 09:43:00,0.04000000000000625,-0.015000000000000568,33.385,33.3298,0.0,0.0,0.0,0.0
194,33.41,33.4767,33.405,33.465,14116.0,2021-12-08 09:44:00,0.07169999999999987,0.05500000000000682,33.400999999999996,33.3468,0.0,0.0,0.0,0.0
195,33.4514,33.48,33.4514,33.46,34518.0,2021-12-08 09:45:00,0.028599999999997294,0.008600000000001273,33.424339999999994,33.3608,0.0,0.0,0.0,0.0
196,33.4625,33.47,33.45,33.452,4515.0,2021-12-08 09:46:00,0.01999999999999602,-0.010500000000000398,33.44334,33.393080000000005,0.0,0.0,0.0,0.0
197,33.45,33.47,33.4458,33.465,15600.0,2021-12-08 09:47:00,0.024200000000000443,0.015000000000000568,33.46334,33.417280000000005,0.0,0.0,0.0,0.0
198,33.47,33.47,33.45,33.46,9292.0,2021-12-08 09:48:00,0.01999999999999602,-0.00999999999999801,33.46934,33.43244,0.0,0.0,0.0,0.0
199,33.47,33.5,33.455,33.488,33585.0,2021-12-08 09:49:00,0.045000000000001705,0.018000000000000682,33.47334,33.44044,0.0,0.0,0.0,0.0
200,33.48,33.4895,33.45,33.465,14156.0,2021-12-08 09:50:00,0.03949999999999676,-0.014999999999993463,33.477999999999994,33.45043999999999,0.0,0.0,0.0,0.0
201,33.4612,33.49,33.46,33.46,38222.0,2021-12-08 09:51:00,0.030000000000001137,-0.0011999999999972033,33.4799,33.450160000000004,0.0,0.0,0.0,0.0
202,33.455,33.5398,33.45,33.49,43720.0,2021-12-08 09:52:00,0.08979999999999677,0.035000000000003695,33.4839,33.452160000000006,1.0,0.0,0.0,0.0
203,33.49,33.49,33.37,33.475,59131.0,2021-12-08 09:53:00,0.12000000000000455,-0.015000000000000568,33.49786,33.452999999999996,1.0,0.0,0.0,0.0
204,33.47,33.5363,33.4601,33.5,12847.0,2021-12-08 09:54:00,0.07620000000000005,0.030000000000001137,33.50186,33.437,0.0,0.0,0.0,0.0
205,33.49,33.5,33.4701,33.475,5643.0,2021-12-08 09:55:00,0.029899999999997817,-0.015000000000000568,33.509119999999996,33.438019999999995,0.0,0.0,0.0,0.0
206,33.475,33.475,33.4401,33.465,11417.0,2021-12-08 09:56:00,0.034900000000000375,-0.00999999999999801,33.51122,33.44204,0.0,0.0,0.0,0.0
207,33.4652,33.5,33.44,33.49,11636.0,2021-12-08 09:57:00,0.060000000000002274,0.024799999999999045,33.50822,33.43806,0.0,0.0,0.0,0.0
208,33.48,33.515,33.4701,33.509,13377.0,2021-12-08 09:58:00,0.044899999999998386,0.029000000000003467,33.50026,33.43606,0.0,0.0,0.0,0.0
209,33.5,33.5,33.42,33.4591,14499.0,2021-12-08 09:59:00,0.0799999999999983,-0.0409000000000006,33.50526,33.45608,0.0,0.0,0.0,0.0
210,33.46,33.47,33.44,33.45,20005.0,2021-12-08 10:00:00,0.030000000000001137,-0.00999999999999801,33.498000000000005,33.44806,0.0,0.0,0.0,0.0
211,33.45,33.46,33.43,33.452,21856.0,2021-12-08 10:01:00,0.030000000000001137,0.001999999999995339,33.492000000000004,33.44204,0.0,0.0,0.0,0.0
212,33.455,33.48,33.44,33.47,14338.0,2021-12-08 10:02:00,0.03999999999999915,0.015000000000000568,33.489000000000004,33.440020000000004,0.0,0.0,0.0,0.0
213,33.46,33.465,33.4201,33.4501,13856.0,2021-12-08 10:03:00,0.04490000000000549,-0.009900000000001796,33.485,33.44002,0.0,0.0,0.0,0.0
214,33.45,33.47,33.432,33.432,10330.0,2021-12-08 10:04:00,0.0379999999999967,-0.018000000000000682,33.475,33.43002,0.0,0.0,0.0,0.0
215,33.435,33.48,33.432,33.47,10078.0,2021-12-08 10:05:00,0.047999999999994714,0.03499999999999659,33.469,33.43242,0.0,0.0,0.0,0.0
216,33.48,33.52,33.48,33.5,19321.0,2021-12-08 10:06:00,0.04000000000000625,0.020000000000003126,33.471,33.430820000000004,0.0,0.0,0.0,0.0
217,33.5026,33.56,33.5,33.54,26722.0,2021-12-08 10:07:00,0.060000000000002274,0.0373999999999981,33.483,33.440819999999995,0.0,0.0,0.0,0.0
218,33.5305,33.54,33.505,33.505,16271.0,2021-12-08 10:08:00,0.03499999999999659,-0.025500000000000966,33.499,33.45282,0.0,0.0,0.0,0.0
219,33.51,33.54,33.5,33.52,14396.0,2021-12-08 10:09:00,0.03999999999999915,0.010000000000005116,33.513999999999996,33.4698,0.0,0.0,0.0,0.0
220,33.5148,33.53,33.435,33.45,24481.0,2021-12-08 10:10:00,0.09499999999999886,-0.06479999999999819,33.528,33.4834,0.0,1.0,0.0,0.0
221,33.45,33.49,33.45,33.49,10568.0,2021-12-08 10:11:00,0.03999999999999915,0.03999999999999915,33.538,33.483999999999995,0.0,0.0,0.0,0.0
222,33.4707,33.5,33.47,33.5,9303.0,2021-12-08 10:12:00,0.030000000000001137,0.029299999999999216,33.532,33.477999999999994,0.0,0.0,0.0,0.0
223,33.5,33.5,33.46,33.46,9071.0,2021-12-08 10:13:00,0.03999999999999915,-0.03999999999999915,33.519999999999996,33.471999999999994,0.0,1.0,0.0,0.0
224,33.4726,33.48,33.46,33.475,6454.0,2021-12-08 10:14:00,0.01999999999999602,0.002400000000001512,33.512,33.46300000000001,0.0,0.0,0.0,0.0
225,33.48,33.49,33.46,33.48,11800.0,2021-12-08 10:15:00,0.030000000000001137,0.0,33.5,33.455,0.0,0.0,0.0,0.0
226,33.48,33.49,33.455,33.455,40530.0,2021-12-08 10:16:00,0.035000000000003695,-0.02499999999999858,33.492000000000004,33.46,0.0,1.0,0.0,0.0
227,33.455,33.52,33.45,33.52,20193.0,2021-12-08 10:17:00,0.07000000000000028,0.06500000000000483,33.492000000000004,33.461,0.0,0.0,0.0,0.0
228,33.5,33.56,33.49,33.49,19529.0,2021-12-08 10:18:00,0.07000000000000028,-0.00999999999999801,33.496,33.456999999999994,0.0,0.0,0.0,0.0
229,33.4999,33.5,33.465,33.5,9322.0,2021-12-08 10:19:00,0.03499999999999659,0.00010000000000331966,33.508,33.463,0.0,0.0,0.0,0.0
230,33.5,33.505,33.47,33.475,12087.0,2021-12-08 10:20:00,0.035000000000003695,-0.02499999999999858,33.512,33.464,0.0,0.0,0.0,0.0
231,33.47,33.53,33.47,33.5035,12567.0,2021-12-08 10:21:00,0.060000000000002274,0.03350000000000364,33.515,33.466,0.0,0.0,0.0,0.0
232,33.51,33.52,33.5,33.5,12452.0,2021-12-08 10:22:00,0.020000000000003126,-0.00999999999999801,33.523,33.469,0.0,0.0,0.0,0.0
233,33.4997,33.5,33.45,33.495,23899.0,2021-12-08 10:23:00,0.04999999999999716,-0.004699999999999704,33.523,33.479,0.0,0.0,0.0,0.0
234,33.49,33.54,33.49,33.5,10727.0,2021-12-08 10:24:00,0.04999999999999716,0.00999999999999801,33.511,33.471000000000004,0.0,0.0,0.0,0.0
235,33.52,33.55,33.52,33.55,9784.0,2021-12-08 10:25:00,0.02999999999999403,0.02999999999999403,33.519,33.476,0.0,0.0,0.0,0.0
236,33.54,33.55,33.51,33.55,14400.0,2021-12-08 10:26:00,0.03999999999999915,0.00999999999999801,33.528,33.486000000000004,0.0,0.0,0.0,0.0
237,33.56,33.56,33.5,33.51,13950.0,2021-12-08 10:27:00,0.060000000000002274,-0.05000000000000426,33.532000000000004,33.494,0.0,0.0,0.0,0.0
238,33.5001,33.52,33.5,33.52,5911.0,2021-12-08 10:28:00,0.020000000000003126,0.019899999999999807,33.54,33.494,0.0,0.0,0.0,0.0
239,33.51,33.5292,33.48,33.52,15305.0,2021-12-08 10:29:00,0.04920000000000613,0.010000000000005116,33.544,33.504000000000005,0.0,0.0,0.0,0.0
240,33.51,33.59,33.49,33.5802,17948.0,2021-12-08 10:30:00,0.10000000000000142,0.07019999999999982,33.54184,33.501999999999995,0.0,0.0,0.0,0.0
241,33.5701,33.5701,33.54,33.55,10615.0,2021-12-08 10:31:00,0.03009999999999735,-0.02009999999999934,33.54984,33.495999999999995,0.0,0.0,0.0,0.0
242,33.5401,33.62,33.5401,33.61,34177.0,2021-12-08 10:32:00,0.07989999999999498,0.06989999999999696,33.55386,33.501999999999995,0.0,0.0,0.0,0.0
243,33.6001,33.66,33.6,33.6363,30527.0,2021-12-08 10:33:00,0.05999999999999517,0.0362000000000009,33.56586,33.51002,0.0,0.0,0.0,0.0
244,33.6499,33.66,33.63,33.64,7062.0,2021-12-08 10:34:00,0.02999999999999403,-0.009900000000001796,33.59386,33.53001999999999,0.0,0.0,0.0,0.0
245,33.6466,33.69,33.64,33.69,44989.0,2021-12-08 10:35:00,0.04999999999999716,0.04339999999999833,33.62002,33.560019999999994,0.0,0.0,0.0,0.0
246,33.6809,33.78,33.67,33.7411,89843.0,2021-12-08 10:36:00,0.10999999999999943,0.06020000000000181,33.64002,33.59002,1.0,0.0,0.0,0.0
247,33.7401,33.79,33.74,33.79,41138.0,2021-12-08 10:37:00,0.04999999999999716,0.049900000000000944,33.682,33.616020000000006,0.0,0.0,0.0,0.0
248,33.8,33.85,33.7924,33.8313,47858.0,2021-12-08 10:38:00,0.05760000000000076,0.03130000000000166,33.715999999999994,33.656000000000006,0.0,0.0,0.0,0.0
249,33.835,33.88,33.83,33.855,38788.0,2021-12-08 10:39:00,0.05000000000000426,0.01999999999999602,33.754,33.69448,0.0,0.0,0.0,0.0
250,33.855,33.86,33.79,33.81,28534.0,2021-12-08 10:40:00,0.07000000000000028,-0.0449999999999946,33.797999999999995,33.73448,0.0,0.0,0.0,0.0
251,33.81,33.86,33.79,33.8,28624.0,2021-12-08 10:41:00,0.07000000000000028,-0.010000000000005116,33.831999999999994,33.76448,0.0,0.0,0.0,0.0
252,33.81,33.8474,33.78,33.8388,20251.0,2021-12-08 10:42:00,0.06739999999999924,0.028799999999996828,33.848,33.78848,0.0,0.0,0.0,0.0
253,33.8303,33.86,33.8303,33.84,33320.0,2021-12-08 10:43:00,0.029699999999998283,0.009700000000002262,33.85948,33.796479999999995,0.0,0.0,0.0,0.0
254,33.8499,33.86,33.78,33.79,20969.0,2021-12-08 10:44:00,0.0799999999999983,-0.059899999999998954,33.86148000000001,33.80406,0.0,1.0,0.0,0.0
255,33.79,33.79,33.75,33.76,25540.0,2021-12-08 10:45:00,0.03999999999999915,-0.030000000000001137,33.857479999999995,33.79406,0.0,1.0,0.0,0.0
256,33.7639,33.78,33.7209,33.7399,17842.0,2021-12-08 10:46:00,0.05910000000000082,-0.02400000000000091,33.84348,33.78606,0.0,1.0,0.0,0.0
257,33.7395,33.76,33.73,33.76,26251.0,2021-12-08 10:47:00,0.030000000000001137,0.02049999999999841,33.82748,33.77224,0.0,1.0,0.0,0.0
258,33.7595,33.85,33.75,33.82,26347.0,2021-12-08 10:48:00,0.10000000000000142,0.060499999999997556,33.809999999999995,33.76224,0.0,0.0,0.0,0.0
259,33.84,33.85,33.8001,33.8299,24652.0,2021-12-08 10:49:00,0.049900000000000944,-0.01010000000000133,33.808,33.746179999999995,0.0,0.0,0.0,0.0
260,33.815,33.865,33.815,33.85,15978.0,2021-12-08 10:50:00,0.05000000000000426,0.035000000000003695,33.806,33.75019999999999,0.0,0.0,0.0,0.0
261,33.85,33.88,33.83,33.84,23805.0,2021-12-08 10:51:00,0.05000000000000426,-0.00999999999999801,33.821,33.7632,0.0,0.0,0.0,0.0
262,33.8412,33.89,33.84,33.85,39440.0,2021-12-08 10:52:00,0.04999999999999716,0.008800000000000807,33.841,33.785019999999996,0.0,0.0,0.0,0.0
263,33.84,33.86,33.81,33.82,22069.0,2021-12-08 10:53:00,0.04999999999999716,-0.020000000000003126,33.867,33.80702,0.0,0.0,0.0,0.0
264,33.82,33.825,33.77,33.82,30181.0,2021-12-08 10:54:00,0.054999999999999716,0.0,33.86900000000001,33.81902,0.0,0.0,0.0,0.0
265,33.82,33.894,33.82,33.88,31711.0,2021-12-08 10:55:00,0.07399999999999807,0.060000000000002274,33.864,33.813,0.0,0.0,0.0,0.0
266,33.88,33.93,33.88,33.8897,28621.0,2021-12-08 10:56:00,0.04999999999999716,0.009699999999995157,33.869800000000005,33.814,0.0,0.0,0.0,0.0
267,33.89,33.9,33.85,33.86,57904.0,2021-12-08 10:57:00,0.04999999999999716,-0.030000000000001137,33.8798,33.824,0.0,0.0,0.0,0.0
268,33.865,33.89,33.85,33.865,27734.0,2021-12-08 10:58:00,0.03999999999999915,0.0,33.881800000000005,33.826,0.0,0.0,0.0,0.0
269,33.88,33.91,33.85,33.8591,27002.0,2021-12-08 10:59:00,0.05999999999999517,-0.02090000000000458,33.887800000000006,33.833999999999996,0.0,0.0,0.0,0.0
270,33.85,33.85,33.658,33.68,69682.0,2021-12-08 11:00:00,0.19200000000000017,-0.1700000000000017,33.904799999999994,33.85,1.0,1.0,0.0,0.0
271,33.6913,33.71,33.61,33.66,46363.0,2021-12-08 11:01:00,0.10000000000000142,-0.03130000000000166,33.896,33.817600000000006,1.0,1.0,0.0,0.0
272,33.65,33.6799,33.64,33.65,25291.0,2021-12-08 11:02:00,0.03990000000000293,0.0,33.852,33.76360000000001,0.0,1.0,0.0,0.0
273,33.65,33.65,33.59,33.6452,32354.0,2021-12-08 11:03:00,0.05999999999999517,-0.004799999999995919,33.80798,33.7216,0.0,1.0,0.0,0.0
274,33.6572,33.673,33.64,33.66,12867.0,2021-12-08 11:04:00,0.03300000000000125,0.0027999999999934744,33.75998,33.6696,0.0,1.0,0.0,0.0
275,33.66,33.67,33.63,33.64,15801.0,2021-12-08 11:05:00,0.03999999999999915,-0.01999999999999602,33.71258,33.627599999999994,0.0,0.0,0.0,0.0
276,33.64,33.64,33.47,33.51,47028.0,2021-12-08 11:06:00,0.1700000000000017,-0.13000000000000256,33.67658,33.622,1.0,1.0,0.0,0.0
277,33.52,33.53,33.4752,33.49,18214.0,2021-12-08 11:07:00,0.05480000000000018,-0.030000000000001137,33.662580000000005,33.594,0.0,1.0,0.0,0.0
278,33.495,33.5067,33.42,33.49,42572.0,2021-12-08 11:08:00,0.08670000000000044,-0.0049999999999954525,33.632600000000004,33.561040000000006,1.0,1.0,0.0,0.0
279,33.47,33.495,33.455,33.47,21885.0,2021-12-08 11:09:00,0.03999999999999915,0.0,33.60394,33.52704,0.0,1.0,0.0,0.0
280,33.47,33.48,33.43,33.43,11241.0,2021-12-08 11:10:00,0.04999999999999716,-0.03999999999999915,33.56834,33.49004,0.0,1.0,0.0,0.0
281,33.42,33.46,33.41,33.4117,23095.0,2021-12-08 11:11:00,0.05000000000000426,-0.00829999999999842,33.53034,33.45004,0.0,1.0,0.0,0.0
282,33.41,33.41,33.36,33.38,20030.0,2021-12-08 11:12:00,0.04999999999999716,-0.02999999999999403,33.49434,33.43804,0.0,1.0,0.0,0.0
283,33.378,33.41,33.32,33.3924,27098.0,2021-12-08 11:13:00,0.0899999999999963,0.014400000000001967,33.47034,33.415,0.0,1.0,0.0,0.0
284,33.4,33.4,33.29,33.2901,23305.0,2021-12-08 11:14:00,0.10999999999999943,-0.10989999999999611,33.451,33.394999999999996,0.0,1.0,0.0,0.0
285,33.3,33.38,33.28,33.29,30123.0,2021-12-08 11:15:00,0.10000000000000142,-0.00999999999999801,33.432,33.362,0.0,1.0,0.0,0.0
286,33.2979,33.2979,33.17,33.19,34357.0,2021-12-08 11:16:00,0.1278999999999968,-0.10790000000000077,33.412,33.332,1.0,1.0,0.0,0.0
287,33.1791,33.28,33.16,33.27,34359.0,2021-12-08 11:17:00,0.12000000000000455,0.09090000000000487,33.37958,33.284000000000006,1.0,1.0,34359.0,0.09090000000000487
288,33.2773,33.31,33.25,33.305,27280.0,2021-12-08 11:18:00,0.060000000000002274,0.027700000000002944,33.35358,33.244,0.0,0.0,0.0,0.0
289,33.3,33.341,33.276,33.3099,43757.0,2021-12-08 11:19:00,0.06499999999999773,0.009900000000001796,33.33358,33.23,0.0,0.0,0.0,0.0
290,33.301,33.301,33.24,33.2478,22336.0,2021-12-08 11:20:00,0.06099999999999994,-0.05320000000000391,33.321780000000004,33.2272,0.0,0.0,0.0,0.0
291,33.24,33.25,33.18,33.19,34427.0,2021-12-08 11:21:00,0.07000000000000028,-0.05000000000000426,33.30598,33.2192,0.0,1.0,0.0,0.0
292,33.18,33.199,33.17,33.18,19279.0,2021-12-08 11:22:00,0.028999999999996362,0.0,33.296400000000006,33.2212,0.0,1.0,0.0,0.0
293,33.1826,33.19,33.12,33.17,30369.0,2021-12-08 11:23:00,0.07000000000000028,-0.012599999999999056,33.2802,33.223200000000006,0.0,1.0,0.0,0.0
294,33.16,33.17,33.14,33.15,17682.0,2021-12-08 11:24:00,0.030000000000001137,-0.00999999999999801,33.2562,33.197199999999995,0.0,1.0,0.0,0.0
295,33.15,33.26,33.15,33.2124,47621.0,2021-12-08 11:25:00,0.10999999999999943,0.062400000000003786,33.222,33.17,1.0,0.0,0.0,0.0
296,33.21,33.24,33.19,33.2201,18210.0,2021-12-08 11:26:00,0.05000000000000426,0.01010000000000133,33.2138,33.152,0.0,0.0,0.0,0.0
297,33.2195,33.24,33.2001,33.2343,16348.0,2021-12-08 11:27:00,0.03990000000000293,0.014800000000001035,33.2118,33.153999999999996,0.0,0.0,0.0,0.0
298,33.23,33.23,33.19,33.19,31674.0,2021-12-08 11:28:00,0.03999999999999915,-0.03999999999999915,33.220000000000006,33.160019999999996,0.0,0.0,0.0,0.0
299,33.2,33.32,33.2,33.31,19931.0,2021-12-08 11:29:00,0.11999999999999744,0.10999999999999943,33.228,33.17402,0.0,0.0,0.0,0.0
300,33.32,33.3406,33.3101,33.3101,27228.0,2021-12-08 11:30:00,0.030500000000003524,-0.009900000000001796,33.257999999999996,33.18602,0.0,0.0,0.0,0.0
301,33.33,33.4499,33.32,33.44,30545.0,2021-12-08 11:31:00,0.12989999999999924,0.10999999999999943,33.274119999999996,33.21804,0.0,0.0,0.0,0.0
302,33.44,33.5,33.4301,33.49,36777.0,2021-12-08 11:32:00,0.06989999999999696,0.05000000000000426,33.31609999999999,33.24404,0.0,0.0,0.0,0.0
303,33.49,33.58,33.49,33.5698,51841.0,2021-12-08 11:33:00,0.0899999999999963,0.07979999999999876,33.368100000000005,33.29004,1.0,0.0,0.0,0.0
304,33.565,33.64,33.5602,33.63,35787.0,2021-12-08 11:34:00,0.07979999999999876,0.06500000000000483,33.4381,33.35004,0.0,0.0,0.0,0.0
305,33.63,33.7,33.6101,33.7,39384.0,2021-12-08 11:35:00,0.08990000000000009,0.07000000000000028,33.5021,33.42208000000001,0.0,0.0,0.0,0.0
306,33.7,33.7,33.63,33.633,35330.0,2021-12-08 11:36:00,0.07000000000000028,-0.06700000000000017,33.57397999999999,33.48208000000001,0.0,0.0,0.0,0.0
307,33.63,33.6479,33.6,33.62,49471.0,2021-12-08 11:37:00,0.0478999999999985,-0.010000000000005116,33.624,33.544079999999994,0.0,0.0,0.0,0.0
308,33.62,33.67,33.62,33.67,24854.0,2021-12-08 11:38:00,0.05000000000000426,0.05000000000000426,33.65358,33.57806,0.0,0.0,0.0,0.0
309,33.65,33.67,33.61,33.6226,20965.0,2021-12-08 11:39:00,0.060000000000002274,-0.02740000000000009,33.671580000000006,33.60406,0.0,0.0,0.0,0.0
310,33.62,33.7,33.62,33.6955,18282.0,2021-12-08 11:40:00,0.0800000000000054,0.07550000000000523,33.67758,33.614020000000004,0.0,0.0,0.0,0.0
311,33.695,33.7,33.52,33.52,27182.0,2021-12-08 11:41:00,0.17999999999999972,-0.17499999999999716,33.67758,33.616,0.0,1.0,0.0,0.0
312,33.5201,33.5981,33.5201,33.59,12454.0,2021-12-08 11:42:00,0.07800000000000296,0.06990000000000407,33.67758,33.594,0.0,1.0,0.0,0.0
313,33.59,33.595,33.54,33.5573,13928.0,2021-12-08 11:43:00,0.054999999999999716,-0.0327000000000055,33.66762,33.57802,0.0,1.0,0.0,0.0
314,33.56,33.6152,33.555,33.61,15994.0,2021-12-08 11:44:00,0.06020000000000181,0.04999999999999716,33.65262,33.562020000000004,0.0,0.0,0.0,0.0
315,33.61,33.61,33.55,33.55,19224.0,2021-12-08 11:45:00,0.060000000000002274,-0.060000000000002274,33.64166,33.55102,0.0,1.0,0.0,0.0
316,33.555,33.57,33.52,33.56,18354.0,2021-12-08 11:46:00,0.04999999999999716,0.005000000000002558,33.62366000000001,33.53702,0.0,0.0,0.0,0.0
317,33.55,33.565,33.53,33.56,7764.0,2021-12-08 11:47:00,0.03499999999999659,0.010000000000005116,33.59766,33.53702,0.0,0.0,0.0,0.0
318,33.57,33.61,33.57,33.58,15849.0,2021-12-08 11:48:00,0.03999999999999915,0.00999999999999801,33.59104,33.539,0.0,0.0,0.0,0.0
319,33.575,33.575,33.51,33.54,10950.0,2021-12-08 11:49:00,0.06500000000000483,-0.035000000000003695,33.59403999999999,33.545,0.0,1.0,0.0,0.0
320,33.53,33.56,33.53,33.56,7317.0,2021-12-08 11:50:00,0.030000000000001137,0.030000000000001137,33.586,33.535999999999994,0.0,0.0,0.0,0.0
321,33.56,33.57,33.5,33.51,12052.0,2021-12-08 11:51:00,0.07000000000000028,-0.05000000000000426,33.576,33.532,0.0,1.0,0.0,0.0
322,33.5157,33.5299,33.51,33.525,11055.0,2021-12-08 11:52:00,0.019899999999999807,0.00929999999999609,33.576,33.528,0.0,1.0,0.0,0.0
323,33.52,33.53,33.51,33.52,10232.0,2021-12-08 11:53:00,0.020000000000003126,0.0,33.568979999999996,33.524,0.0,1.0,0.0,0.0
324,33.51,33.51,33.47,33.481,8175.0,2021-12-08 11:54:00,0.03999999999999915,-0.028999999999996362,33.552980000000005,33.51199999999999,0.0,1.0,0.0,0.0
325,33.49,33.5468,33.49,33.545,14105.0,2021-12-08 11:55:00,0.05679999999999552,0.054999999999999716,33.53998,33.504,0.0,0.0,0.0,0.0
326,33.54,33.54,33.51,33.515,7904.0,2021-12-08 11:56:00,0.030000000000001137,-0.02499999999999858,33.53733999999999,33.495999999999995,0.0,0.0,0.0,0.0
327,33.5187,33.54,33.5,33.515,23381.0,2021-12-08 11:57:00,0.03999999999999915,-0.003700000000002035,33.53133999999999,33.498,0.0,0.0,0.0,0.0
328,33.515,33.53,33.49,33.5,17165.0,2021-12-08 11:58:00,0.03999999999999915,-0.015000000000000568,33.533359999999995,33.495999999999995,0.0,0.0,0.0,0.0
329,33.5,33.51,33.49,33.5,10228.0,2021-12-08 11:59:00,0.01999999999999602,0.0,33.53336,33.492000000000004,0.0,0.0,0.0,0.0
330,33.5,33.55,33.485,33.51,14203.0,2021-12-08 12:00:00,0.06499999999999773,0.00999999999999801,33.53336,33.496,0.0,0.0,0.0,0.0
331,33.51,33.51,33.48,33.5,13217.0,2021-12-08 12:01:00,0.030000000000001137,-0.00999999999999801,33.534000000000006,33.495000000000005,0.0,0.0,0.0,0.0
332,33.495,33.5,33.48,33.5,17791.0,2021-12-08 12:02:00,0.020000000000003126,0.005000000000002558,33.528,33.489000000000004,0.0,0.0,0.0,0.0
333,33.495,33.51,33.4901,33.5,12580.0,2021-12-08 12:03:00,0.019899999999999807,0.005000000000002558,33.519999999999996,33.485,0.0,0.0,0.0,0.0
334,33.5059,33.52,33.5,33.515,11275.0,2021-12-08 12:04:00,0.020000000000003126,0.00910000000000366,33.516,33.48502,0.0,0.0,0.0,0.0
335,33.51,33.5176,33.42,33.48,21557.0,2021-12-08 12:05:00,0.09759999999999991,-0.030000000000001137,33.518,33.487019999999994,0.0,1.0,0.0,0.0
336,33.48,33.48,33.4118,33.4118,14389.0,2021-12-08 12:06:00,0.06819999999999737,-0.06819999999999737,33.51152,33.474019999999996,0.0,1.0,0.0,0.0
337,33.41,33.41,33.335,33.36,25237.0,2021-12-08 12:07:00,0.07499999999999574,-0.04999999999999716,33.50552,33.46038,0.0,1.0,0.0,0.0
338,33.365,33.4,33.3407,33.36,15366.0,2021-12-08 12:08:00,0.05930000000000035,-0.005000000000002558,33.48752,33.431380000000004,0.0,1.0,0.0,0.0
339,33.36,33.3699,33.32,33.325,18285.0,2021-12-08 12:09:00,0.049900000000000944,-0.03499999999999659,33.46552,33.4015,0.0,1.0,0.0,0.0
340,33.325,33.48,33.325,33.4799,22423.0,2021-12-08 12:10:00,0.15499999999999403,0.15489999999999782,33.435500000000005,33.3655,0.0,0.0,0.0,0.0
341,33.475,33.49,33.47,33.485,16091.0,2021-12-08 12:11:00,0.020000000000003126,0.00999999999999801,33.42798,33.346500000000006,0.0,0.0,0.0,0.0
342,33.48,33.54,33.4701,33.5382,51268.0,2021-12-08 12:12:00,0.06989999999999696,0.05820000000000647,33.42998,33.35814,0.0,0.0,0.0,0.0
343,33.5289,33.5799,33.5201,33.5799,27136.0,2021-12-08 12:13:00,0.05980000000000274,0.05100000000000193,33.45598,33.38516,0.0,0.0,0.0,0.0
344,33.58,33.61,33.5001,33.51,43332.0,2021-12-08 12:14:00,0.10989999999999611,-0.07000000000000028,33.49196,33.421040000000005,1.0,0.0,0.0,0.0
345,33.505,33.56,33.5002,33.53,11913.0,2021-12-08 12:15:00,0.05980000000000274,0.02499999999999858,33.53998,33.45706,0.0,0.0,0.0,0.0
346,33.53,33.6,33.53,33.56,9135.0,2021-12-08 12:16:00,0.07000000000000028,0.030000000000001137,33.55598,33.49210000000001,0.0,0.0,0.0,0.0
347,33.55,33.57,33.505,33.515,15520.0,2021-12-08 12:17:00,0.06499999999999773,-0.03499999999999659,33.57798,33.5041,0.0,0.0,0.0,0.0
348,33.51,33.54,33.51,33.53,13312.0,2021-12-08 12:18:00,0.030000000000001137,0.020000000000003126,33.58398,33.51108,0.0,0.0,0.0,0.0
349,33.52,33.55,33.51,33.54,17453.0,2021-12-08 12:19:00,0.03999999999999915,0.01999999999999602,33.576,33.50906,0.0,0.0,0.0,0.0
350,33.54,33.58,33.54,33.57,7462.0,2021-12-08 12:20:00,0.03999999999999915,0.030000000000001137,33.564,33.511039999999994,0.0,0.0,0.0,0.0
351,33.575,33.58,33.51,33.515,20953.0,2021-12-08 12:21:00,0.07000000000000028,-0.060000000000002274,33.568,33.51899999999999,0.0,1.0,0.0,0.0
352,33.51,33.51,33.465,33.485,24184.0,2021-12-08 12:22:00,0.0449999999999946,-0.02499999999999858,33.564,33.515,0.0,1.0,0.0,0.0
353,33.4821,33.54,33.4801,33.535,17218.0,2021-12-08 12:23:00,0.059899999999998954,0.05289999999999395,33.552,33.507,0.0,0.0,0.0,0.0
354,33.52,33.54,33.51,33.5392,10292.0,2021-12-08 12:24:00,0.030000000000001137,0.019199999999997885,33.552,33.50102,0.0,0.0,0.0,0.0
355,33.54,33.6,33.54,33.6,13509.0,2021-12-08 12:25:00,0.060000000000002274,0.060000000000002274,33.55,33.50102,0.0,0.0,0.0,0.0
356,33.59,33.6,33.55,33.5767,32921.0,2021-12-08 12:26:00,0.05000000000000426,-0.013300000000000978,33.553999999999995,33.50102,0.0,0.0,0.0,0.0
357,33.57,33.58,33.55,33.58,10226.0,2021-12-08 12:27:00,0.030000000000001137,0.00999999999999801,33.558,33.50902,0.0,0.0,0.0,0.0
358,33.56,33.5601,33.51,33.56,22714.0,2021-12-08 12:28:00,0.05010000000000048,0.0,33.572,33.52602,0.0,0.0,0.0,0.0
359,33.55,33.55,33.5201,33.54,20797.0,2021-12-08 12:29:00,0.029899999999997817,-0.00999999999999801,33.57602,33.532,0.0,0.0,0.0,0.0
360,33.54,33.58,33.52,33.56,15021.0,2021-12-08 12:30:00,0.05999999999999517,0.020000000000003126,33.57802,33.53402,0.0,0.0,0.0,0.0
361,33.565,33.64,33.565,33.6,33331.0,2021-12-08 12:31:00,0.07500000000000284,0.035000000000003695,33.57402,33.53001999999999,0.0,0.0,0.0,0.0
362,33.6,33.61,33.555,33.5599,16006.0,2021-12-08 12:32:00,0.054999999999999716,-0.04010000000000247,33.58202,33.53302,0.0,0.0,0.0,0.0
363,33.56,33.58,33.54,33.545,19613.0,2021-12-08 12:33:00,0.03999999999999915,-0.015000000000000568,33.58801999999999,33.534020000000005,0.0,0.0,0.0,0.0
364,33.545,33.55,33.495,33.515,23605.0,2021-12-08 12:34:00,0.054999999999999716,-0.030000000000001137,33.592,33.54002,0.0,1.0,0.0,0.0
365,33.52,33.5299,33.46,33.515,29662.0,2021-12-08 12:35:00,0.06989999999999696,-0.005000000000002558,33.592,33.535000000000004,0.0,1.0,0.0,0.0
366,33.515,33.56,33.51,33.555,26662.0,2021-12-08 12:36:00,0.05000000000000426,0.03999999999999915,33.58198,33.523,0.0,0.0,0.0,0.0
367,33.5519,33.605,33.5519,33.605,18022.0,2021-12-08 12:37:00,0.053099999999993486,0.053099999999993486,33.56598,33.512,0.0,0.0,0.0,0.0
368,33.605,33.61,33.53,33.535,34911.0,2021-12-08 12:38:00,0.0799999999999983,-0.07000000000000028,33.56498,33.511379999999996,0.0,0.0,0.0,0.0
369,33.54,33.54,33.48,33.53,29312.0,2021-12-08 12:39:00,0.060000000000002274,-0.00999999999999801,33.57098,33.50938000000001,0.0,0.0,0.0,0.0
370,33.525,33.525,33.46,33.48,31692.0,2021-12-08 12:40:00,0.06499999999999773,-0.045000000000001705,33.568979999999996,33.50637999999999,0.0,1.0,0.0,0.0
371,33.48,33.48,33.45,33.45,17762.0,2021-12-08 12:41:00,0.02999999999999403,-0.02999999999999403,33.568,33.50638,0.0,1.0,0.0,0.0
372,33.44,33.455,33.425,33.435,23261.0,2021-12-08 12:42:00,0.030000000000001137,-0.0049999999999954525,33.552,33.49438,0.0,1.0,0.0,0.0
373,33.43,33.435,33.385,33.4,31275.0,2021-12-08 12:43:00,0.05000000000000426,-0.030000000000001137,33.522000000000006,33.46900000000001,0.0,1.0,0.0,0.0
374,33.4,33.405,33.34,33.35,24265.0,2021-12-08 12:44:00,0.06499999999999773,-0.04999999999999716,33.487,33.44,0.0,1.0,0.0,0.0
375,33.34,33.415,33.34,33.37,56126.0,2021-12-08 12:45:00,0.07499999999999574,0.02999999999999403,33.459999999999994,33.412,0.0,1.0,0.0,0.0
376,33.365,33.38,33.32,33.36,49115.0,2021-12-08 12:46:00,0.060000000000002274,-0.005000000000002558,33.438,33.388,0.0,1.0,0.0,0.0
377,33.36,33.395,33.35,33.375,32849.0,2021-12-08 12:47:00,0.045000000000001705,0.015000000000000568,33.418,33.362,0.0,0.0,0.0,0.0
378,33.37,33.405,33.34,33.37,63106.0,2021-12-08 12:48:00,0.06499999999999773,0.0,33.406,33.346999999999994,0.0,0.0,0.0,0.0
379,33.365,33.39,33.33,33.39,51313.0,2021-12-08 12:49:00,0.060000000000002274,0.02499999999999858,33.4,33.338,0.0,0.0,0.0,0.0
380,33.4,33.48,33.385,33.465,69486.0,2021-12-08 12:50:00,0.09499999999999886,0.06500000000000483,33.397000000000006,33.336,1.0,0.0,0.0,0.0
381,33.465,33.51,33.455,33.5,89570.0,2021-12-08 12:51:00,0.054999999999999716,0.03499999999999659,33.41,33.345,0.0,0.0,0.0,0.0
382,33.495,33.54,33.485,33.54,41861.0,2021-12-08 12:52:00,0.054999999999999716,0.045000000000001705,33.436,33.372,0.0,0.0,0.0,0.0
383,33.535,33.535,33.4213,33.425,50477.0,2021-12-08 12:53:00,0.11369999999999436,-0.10999999999999943,33.464999999999996,33.399,1.0,0.0,0.0,0.0
384,33.43,33.455,33.42,33.4499,54600.0,2021-12-08 12:54:00,0.03499999999999659,0.019899999999999807,33.491,33.41526,0.0,0.0,0.0,0.0
385,33.4487,33.46,33.36,33.395,102248.0,2021-12-08 12:55:00,0.10000000000000142,-0.05369999999999919,33.504,33.433260000000004,1.0,1.0,0.0,0.0
386,33.395,33.435,33.39,33.42,58811.0,2021-12-08 12:56:00,0.045000000000001705,0.02499999999999858,33.5,33.42826,0.0,1.0,0.0,0.0
387,33.42,33.4211,33.33,33.345,102166.0,2021-12-08 12:57:00,0.0911000000000044,-0.07500000000000284,33.485,33.41526,1.0,1.0,0.0,0.0
388,33.35,33.38,33.34,33.375,149593.0,2021-12-08 12:58:00,0.03999999999999915,0.02499999999999858,33.46122,33.38426,0.0,1.0,0.0,0.0
389,33.38,33.44,33.36,33.36,116457.0,2021-12-08 12:59:00,0.0799999999999983,-0.020000000000003126,33.43022,33.368,0.0,1.0,0.0,0.0
