,open,high,low,close,volume,date,atr,high-open,High 5 day average
0,31.9,32.23,31.84,32.04,387611.0,2021-12-07 06:30:00,0.389999999999997,0.14000000000000057,
1,32.03,32.15,31.6683,31.82,157849.0,2021-12-07 06:31:00,0.4817,-0.21000000000000085,
2,31.795,32.0,31.795,31.94,90981.0,2021-12-07 06:32:00,0.2049999999999983,0.14499999999999957,
3,31.93,32.1,31.88,32.0456,106427.0,2021-12-07 06:33:00,0.22000000000000242,0.11560000000000059,
4,32.07,32.31,32.065,32.1616,240188.0,2021-12-07 06:34:00,0.24500000000000455,0.09159999999999968,
5,32.1601,32.2,31.85,32.165,352722.0,2021-12-07 06:35:00,0.3500000000000014,0.004899999999999238,32.158
6,32.155,32.369,32.08,32.275,145348.0,2021-12-07 06:36:00,0.2890000000000015,0.11999999999999744,32.152
7,32.26,32.38,32.165,32.23,120128.0,2021-12-07 06:37:00,0.2150000000000034,-0.030000000000001137,32.195800000000006
8,32.21,32.29,31.95,31.9926,211495.0,2021-12-07 06:38:00,0.33999999999999986,-0.21740000000000137,32.2718
9,32.02,32.03,31.67,31.73,166152.0,2021-12-07 06:39:00,0.35999999999999943,-0.2900000000000027,32.3098
10,31.68,31.9473,31.6,31.8859,106994.0,2021-12-07 06:40:00,0.34729999999999706,0.20589999999999975,32.2538
11,31.895,31.92,31.6801,31.92,99498.0,2021-12-07 06:41:00,0.23990000000000222,0.02500000000000213,32.20326
12,31.918,32.2,31.87,32.2,282197.0,2021-12-07 06:42:00,0.33000000000000185,0.2820000000000036,32.113459999999996
13,32.17,32.32,32.09,32.275,191818.0,2021-12-07 06:43:00,0.22999999999999687,0.10499999999999687,32.077459999999995
14,32.27,32.33,32.07,32.125,319284.0,2021-12-07 06:44:00,0.259999999999998,-0.14500000000000313,32.08346
15,32.11,32.25,31.9,32.1947,163430.0,2021-12-07 06:45:00,0.3500000000000014,0.084699999999998,32.143460000000005
16,32.19,32.205,31.9,31.935,207491.0,2021-12-07 06:46:00,0.3049999999999997,-0.254999999999999,32.20399999999999
17,31.9627,32.01,31.84,31.9,97245.0,2021-12-07 06:47:00,0.16999999999999815,-0.06270000000000309,32.261
18,31.89,31.93,31.665,31.695,210189.0,2021-12-07 06:48:00,0.26500000000000057,-0.19500000000000028,32.223
19,31.695,31.83,31.695,31.8051,82986.0,2021-12-07 06:49:00,0.134999999999998,0.1100999999999992,32.144999999999996
20,31.8041,31.99,31.78,31.9325,119521.0,2021-12-07 06:50:00,0.2099999999999973,0.12840000000000273,32.045
21,31.93,32.14,31.9001,32.135,103218.0,2021-12-07 06:51:00,0.23990000000000222,0.2049999999999983,31.993000000000002
22,32.15,32.21,32.0324,32.1638,164995.0,2021-12-07 06:52:00,0.1775999999999982,0.013800000000003365,31.979999999999997
23,32.17,32.25,32.13,32.21,145363.0,2021-12-07 06:53:00,0.11999999999999744,0.03999999999999915,32.019999999999996
24,32.2184,32.28,32.17,32.22,108229.0,2021-12-07 06:54:00,0.10999999999999943,0.001599999999996271,32.083999999999996
25,32.215,32.3,32.02,32.04,238086.0,2021-12-07 06:55:00,0.27999999999999403,-0.17500000000000426,32.174
26,32.0301,32.45,32.0221,32.45,167246.0,2021-12-07 06:56:00,0.42790000000000106,0.4199000000000055,32.236000000000004
27,32.4343,32.52,32.29,32.3,129244.0,2021-12-07 06:57:00,0.23000000000000398,-0.1343000000000032,32.298
28,32.3,32.47,32.2824,32.4,68651.0,2021-12-07 06:58:00,0.18759999999999621,0.10000000000000142,32.36
29,32.4,32.5928,32.35,32.59,101881.0,2021-12-07 06:59:00,0.24279999999999546,0.19000000000000483,32.404
30,32.58,32.65,32.5,32.64,140228.0,2021-12-07 07:00:00,0.14999999999999858,0.060000000000002274,32.46656
31,32.64,32.64,32.4,32.429,246652.0,2021-12-07 07:01:00,0.240000000000002,-0.21099999999999852,32.53656
32,32.4189,32.59,32.35,32.37,160997.0,2021-12-07 07:02:00,0.240000000000002,-0.048900000000003274,32.57456
33,32.37,32.52,32.35,32.47,122951.0,2021-12-07 07:03:00,0.1700000000000017,0.10000000000000142,32.58856
34,32.48,32.58,32.48,32.51,52474.0,2021-12-07 07:04:00,0.10000000000000142,0.030000000000001137,32.598560000000006
35,32.505,32.65,32.465,32.49,147657.0,2021-12-07 07:05:00,0.18499999999999517,-0.015000000000000568,32.596000000000004
36,32.51,32.6,32.36,32.44,160522.0,2021-12-07 07:06:00,0.240000000000002,-0.07000000000000028,32.596
37,32.4317,32.528,32.4,32.4,52470.0,2021-12-07 07:07:00,0.1280000000000001,-0.03170000000000073,32.588
38,32.4,32.58,32.4,32.44,54298.0,2021-12-07 07:08:00,0.17999999999999972,0.03999999999999915,32.575599999999994
39,32.45,32.55,32.44,32.48,46336.0,2021-12-07 07:09:00,0.10999999999999943,0.02999999999999403,32.587599999999995
40,32.49,32.51,32.34,32.41,66233.0,2021-12-07 07:10:00,0.1699999999999946,-0.0800000000000054,32.5816
41,32.3979,32.5,32.38,32.4626,57898.0,2021-12-07 07:11:00,0.11999999999999744,0.06470000000000198,32.553599999999996
42,32.47,32.47,32.34,32.43,42427.0,2021-12-07 07:12:00,0.12999999999999545,-0.03999999999999915,32.5336
43,32.435,32.5,32.43,32.47,28650.0,2021-12-07 07:13:00,0.07000000000000028,0.03499999999999659,32.522
44,32.47,32.5198,32.43,32.45,74925.0,2021-12-07 07:14:00,0.08979999999999677,-0.01999999999999602,32.506
45,32.45,32.68,32.36,32.595,183622.0,2021-12-07 07:15:00,0.3200000000000003,0.14499999999999602,32.49996
46,32.5844,32.67,32.48,32.51,213284.0,2021-12-07 07:16:00,0.19000000000000483,-0.07440000000000424,32.53396
47,32.52,32.58,32.48,32.49,59044.0,2021-12-07 07:17:00,0.10000000000000142,-0.030000000000001137,32.56796000000001
48,32.49,32.53,32.43,32.4694,43325.0,2021-12-07 07:18:00,0.10000000000000142,-0.020600000000001728,32.58996
49,32.45,32.5199,32.3563,32.405,114689.0,2021-12-07 07:19:00,0.1636000000000024,-0.045000000000001705,32.59596
50,32.405,32.45,32.17,32.18,91209.0,2021-12-07 07:20:00,0.28000000000000114,-0.22500000000000142,32.59598
51,32.18,32.25,32.18,32.2198,40364.0,2021-12-07 07:21:00,0.07000000000000028,0.03979999999999961,32.549980000000005
52,32.22,32.22,32.02,32.05,95583.0,2021-12-07 07:22:00,0.19999999999999574,-0.1700000000000017,32.46598
53,32.07,32.2,32.07,32.16,81732.0,2021-12-07 07:23:00,0.13000000000000256,0.0899999999999963,32.393980000000006
54,32.16,32.29,32.12,32.135,51210.0,2021-12-07 07:24:00,0.1700000000000017,-0.02499999999999858,32.327980000000004
55,32.13,32.1499,32.04,32.11,59606.0,2021-12-07 07:25:00,0.10990000000000322,-0.020000000000003126,32.282
56,32.11,32.13,32.02,32.1,27826.0,2021-12-07 07:26:00,0.10999999999999943,-0.00999999999999801,32.22198
57,32.11,32.2529,32.1052,32.2337,67853.0,2021-12-07 07:27:00,0.14769999999999328,0.12369999999999948,32.19798
58,32.23,32.29,32.21,32.2201,42431.0,2021-12-07 07:28:00,0.0799999999999983,-0.00989999999999469,32.20456
59,32.2424,32.2424,31.995,32.07,113972.0,2021-12-07 07:29:00,0.2474000000000025,-0.17240000000000322,32.222559999999994
60,32.0805,32.18,32.03,32.14,41222.0,2021-12-07 07:30:00,0.14999999999999858,0.059499999999999886,32.21304
61,32.14,32.1757,32.0801,32.17,37239.0,2021-12-07 07:31:00,0.09559999999999746,0.030000000000001137,32.21906
62,32.17,32.1882,32.02,32.09,37993.0,2021-12-07 07:32:00,0.1681999999999988,-0.0799999999999983,32.2282
63,32.08,32.12,32.08,32.08,24979.0,2021-12-07 07:33:00,0.03999999999999915,0.0,32.21526
64,32.07,32.18,32.06,32.1333,67108.0,2021-12-07 07:34:00,0.11999999999999744,0.06329999999999814,32.18126
65,32.13,32.17,32.09,32.1,24228.0,2021-12-07 07:35:00,0.0799999999999983,-0.030000000000001137,32.168780000000005
66,32.09,32.1213,31.96,32.0022,75743.0,2021-12-07 07:36:00,0.1612999999999971,-0.08780000000000143,32.16678
67,32.0,32.07,32.0,32.01,25628.0,2021-12-07 07:37:00,0.07000000000000028,0.00999999999999801,32.1559
68,32.02,32.16,32.008,32.02,55098.0,2021-12-07 07:38:00,0.15199999999999392,0.0,32.132259999999995
69,32.03,32.18,32.01,32.15,36632.0,2021-12-07 07:39:00,0.1700000000000017,0.11999999999999744,32.14026
70,32.16,32.16,32.06,32.1,26764.0,2021-12-07 07:40:00,0.09999999999999432,-0.05999999999999517,32.14026
71,32.13,32.15,32.055,32.055,30993.0,2021-12-07 07:41:00,0.09499999999999886,-0.07500000000000284,32.138259999999995
72,32.0629,32.11,32.0,32.1,42369.0,2021-12-07 07:42:00,0.10999999999999943,0.03710000000000235,32.144
73,32.1,32.11,32.07,32.095,21217.0,2021-12-07 07:43:00,0.03999999999999915,-0.005000000000002558,32.152
74,32.11,32.11,32.06,32.07,15705.0,2021-12-07 07:44:00,0.04999999999999716,-0.03999999999999915,32.14200000000001
75,32.07,32.11,31.9673,31.9673,33963.0,2021-12-07 07:45:00,0.14269999999999783,-0.10269999999999868,32.128
76,31.98,31.98,31.9033,31.96,60756.0,2021-12-07 07:46:00,0.07669999999999888,-0.019999999999999574,32.117999999999995
77,31.97,32.01,31.95,31.97,46192.0,2021-12-07 07:47:00,0.05999999999999872,0.0,32.083999999999996
78,31.972,32.07,31.97,32.0527,17915.0,2021-12-07 07:48:00,0.10000000000000142,0.08070000000000022,32.064
79,32.07,32.14,32.07,32.11,59147.0,2021-12-07 07:49:00,0.07000000000000028,0.03999999999999915,32.056
80,32.11,32.17,32.11,32.145,45408.0,2021-12-07 07:50:00,0.060000000000002274,0.035000000000003695,32.062
81,32.1499,32.15,32.02,32.0313,30643.0,2021-12-07 07:51:00,0.12999999999999545,-0.1186000000000007,32.074
82,32.0364,32.04,31.98,32.02,57125.0,2021-12-07 07:52:00,0.05999999999999872,-0.016399999999997306,32.108
83,32.025,32.12,32.01,32.03,35135.0,2021-12-07 07:53:00,0.10999999999999943,0.005000000000002558,32.114
84,32.03,32.04,31.94,31.99,30674.0,2021-12-07 07:54:00,0.09999999999999787,-0.0400000000000027,32.124
85,31.9782,32.0,31.96,31.96,17247.0,2021-12-07 07:55:00,0.03999999999999915,-0.018200000000000216,32.104
86,31.96,32.0234,31.96,32.02,16959.0,2021-12-07 07:56:00,0.06340000000000146,0.060000000000002274,32.07
87,32.02,32.07,31.98,31.99,19421.0,2021-12-07 07:57:00,0.08999999999999986,-0.03000000000000469,32.04468
88,31.99,32.0373,31.96,32.01,11343.0,2021-12-07 07:58:00,0.07730000000000103,0.019999999999999574,32.05068
89,32.015,32.04,31.85,31.96,62667.0,2021-12-07 07:59:00,0.18999999999999773,-0.054999999999999716,32.03414
90,31.96,32.13,31.96,32.095,37827.0,2021-12-07 08:00:00,0.1700000000000017,0.134999999999998,32.034139999999994
91,32.07,32.13,32.032,32.09,33886.0,2021-12-07 08:01:00,0.09800000000000608,0.020000000000003126,32.060140000000004
92,32.09,32.12,32.07,32.09,18557.0,2021-12-07 08:02:00,0.04999999999999716,0.0,32.08146
93,32.09,32.16,32.085,32.155,32188.0,2021-12-07 08:03:00,0.07499999999999574,0.06499999999999773,32.09146
94,32.16,32.19,32.14,32.1701,33845.0,2021-12-07 08:04:00,0.04999999999999716,0.01010000000000133,32.116
95,32.17,32.17,32.06,32.07,35277.0,2021-12-07 08:05:00,0.10999999999999943,-0.10000000000000142,32.146
96,32.0649,32.07,31.98,31.99,35116.0,2021-12-07 08:06:00,0.08999999999999986,-0.07490000000000308,32.153999999999996
97,31.98,32.01,31.97,31.99,19167.0,2021-12-07 08:07:00,0.03999999999999915,0.00999999999999801,32.141999999999996
98,32.0,32.02,31.93,31.9609,30390.0,2021-12-07 08:08:00,0.09000000000000341,-0.039100000000001245,32.12
99,31.9681,31.98,31.9319,31.94,55398.0,2021-12-07 08:09:00,0.048100000000001586,-0.02809999999999846,32.092
100,31.95,31.95,31.85,31.8699,60656.0,2021-12-07 08:10:00,0.09999999999999787,-0.08009999999999806,32.05
101,31.86,31.86,31.75,31.75,91877.0,2021-12-07 08:11:00,0.10999999999999943,-0.10999999999999943,32.00599999999999
102,31.74,31.765,31.7199,31.72,58917.0,2021-12-07 08:12:00,0.04510000000000147,-0.019999999999999574,31.964
103,31.74,31.74,31.63,31.63,47183.0,2021-12-07 08:13:00,0.10999999999999943,-0.10999999999999943,31.915
104,31.64,31.64,31.56,31.57,138809.0,2021-12-07 08:14:00,0.08000000000000185,-0.07000000000000028,31.858999999999998
105,31.5799,31.63,31.54,31.55,42863.0,2021-12-07 08:15:00,0.08999999999999986,-0.029899999999997817,31.790999999999997
106,31.55,31.555,31.42,31.45,86156.0,2021-12-07 08:16:00,0.134999999999998,-0.10000000000000142,31.726999999999997
107,31.4499,31.46,31.415,31.46,40431.0,2021-12-07 08:17:00,0.045000000000001705,0.01010000000000133,31.665999999999997
108,31.47,31.4984,31.41,31.42,51213.0,2021-12-07 08:18:00,0.08840000000000003,-0.04999999999999716,31.605
109,31.425,31.48,31.425,31.47,23037.0,2021-12-07 08:19:00,0.054999999999999716,0.04499999999999815,31.55668
110,31.46,31.52,31.43,31.4799,38427.0,2021-12-07 08:20:00,0.08999999999999986,0.019899999999999807,31.52468
111,31.47,31.5,31.43,31.48,73705.0,2021-12-07 08:21:00,0.07000000000000028,0.010000000000001563,31.502680000000005
112,31.4795,31.485,31.45,31.458,31823.0,2021-12-07 08:22:00,0.03500000000000014,-0.021500000000003183,31.491679999999995
113,31.45,31.46,31.39,31.4,112424.0,2021-12-07 08:23:00,0.07000000000000028,-0.05000000000000071,31.496680000000005
114,31.3968,31.51,31.39,31.51,53985.0,2021-12-07 08:24:00,0.120000000000001,0.11320000000000263,31.488999999999997
115,31.505,31.57,31.45,31.5462,53594.0,2021-12-07 08:25:00,0.120000000000001,0.0411999999999999,31.494999999999997
116,31.55,31.575,31.52,31.56,58720.0,2021-12-07 08:26:00,0.054999999999999716,0.00999999999999801,31.505000000000003
117,31.57,31.58,31.5,31.56,30848.0,2021-12-07 08:27:00,0.0799999999999983,-0.010000000000001563,31.52
118,31.55,31.6,31.49,31.5095,28003.0,2021-12-07 08:28:00,0.11000000000000298,-0.040500000000001535,31.538999999999998
119,31.505,31.52,31.43,31.49,49157.0,2021-12-07 08:29:00,0.08999999999999986,-0.015000000000000568,31.567
120,31.5,31.5877,31.48,31.57,22441.0,2021-12-07 08:30:00,0.10770000000000124,0.07000000000000028,31.569
121,31.5617,31.65,31.5601,31.5601,32656.0,2021-12-07 08:31:00,0.08990000000000009,-0.0015999999999998238,31.572539999999996
122,31.5608,31.61,31.53,31.61,26452.0,2021-12-07 08:32:00,0.0799999999999983,0.04919999999999902,31.58754
123,31.61,31.64,31.5821,31.6101,23222.0,2021-12-07 08:33:00,0.05790000000000006,9.999999999976694e-05,31.593539999999997
124,31.6218,31.785,31.6218,31.7336,54150.0,2021-12-07 08:34:00,0.1631999999999998,0.11179999999999879,31.60154
125,31.74,31.7599,31.7,31.7367,25406.0,2021-12-07 08:35:00,0.059899999999998954,-0.0032999999999994145,31.654540000000004
126,31.73,31.765,31.7,31.74,22520.0,2021-12-07 08:36:00,0.06500000000000128,0.00999999999999801,31.688979999999997
127,31.743,31.765,31.7201,31.745,32228.0,2021-12-07 08:37:00,0.04490000000000194,0.0020000000000024443,31.71198
128,31.74,31.8,31.72,31.78,40458.0,2021-12-07 08:38:00,0.08000000000000185,0.0400000000000027,31.74298
129,31.78,31.79,31.66,31.69,42774.0,2021-12-07 08:39:00,0.129999999999999,-0.08999999999999986,31.77498
130,31.69,31.76,31.63,31.74,21252.0,2021-12-07 08:40:00,0.13000000000000256,0.04999999999999716,31.775979999999997
131,31.74,31.77,31.71,31.72,38709.0,2021-12-07 08:41:00,0.05999999999999872,-0.019999999999999574,31.776
132,31.71,31.72,31.6797,31.68,22751.0,2021-12-07 08:42:00,0.04029999999999845,-0.030000000000001137,31.776999999999997
133,31.67,31.72,31.651,31.695,82489.0,2021-12-07 08:43:00,0.06899999999999906,0.02499999999999858,31.768
134,31.695,31.725,31.68,31.7199,18899.0,2021-12-07 08:44:00,0.045000000000001705,0.024899999999998812,31.752
135,31.71,31.74,31.6804,31.6882,41462.0,2021-12-07 08:45:00,0.05959999999999965,-0.021800000000002484,31.738999999999997
136,31.69,31.74,31.65,31.67,20997.0,2021-12-07 08:46:00,0.08999999999999986,-0.019999999999999574,31.735000000000003
137,31.68,31.68,31.61,31.62,27723.0,2021-12-07 08:47:00,0.07000000000000028,-0.05999999999999872,31.728999999999996
138,31.63,31.63,31.53,31.55,20857.0,2021-12-07 08:48:00,0.09999999999999787,-0.0799999999999983,31.720999999999997
139,31.545,31.5499,31.43,31.46,49110.0,2021-12-07 08:49:00,0.11990000000000123,-0.08500000000000085,31.702999999999996
140,31.47,31.52,31.465,31.4701,73746.0,2021-12-07 08:50:00,0.054999999999999716,9.999999999976694e-05,31.66798
141,31.48,31.48,31.42,31.43,35108.0,2021-12-07 08:51:00,0.05999999999999872,-0.05000000000000071,31.62398
142,31.43,31.46,31.42,31.45,35555.0,2021-12-07 08:52:00,0.03999999999999915,0.019999999999999574,31.571980000000003
143,31.447,31.47,31.44,31.45,17037.0,2021-12-07 08:53:00,0.029999999999997584,0.0030000000000001137,31.527980000000003
144,31.45,31.54,31.45,31.47,26777.0,2021-12-07 08:54:00,0.08999999999999986,0.019999999999999574,31.495980000000003
145,31.47,31.47,31.42,31.455,19952.0,2021-12-07 08:55:00,0.04999999999999716,-0.015000000000000568,31.494
146,31.4515,31.54,31.4515,31.5238,26375.0,2021-12-07 08:56:00,0.0884999999999998,0.07230000000000203,31.483999999999998
147,31.52,31.58,31.515,31.55,12088.0,2021-12-07 08:57:00,0.06499999999999773,0.030000000000001137,31.496
148,31.55,31.6,31.535,31.5799,24506.0,2021-12-07 08:58:00,0.06500000000000128,0.029899999999997817,31.519999999999992
149,31.57,31.59,31.53,31.59,17485.0,2021-12-07 08:59:00,0.05999999999999872,0.019999999999999574,31.546
150,31.55,31.619,31.55,31.6186,20632.0,2021-12-07 09:00:00,0.06899999999999906,0.0686,31.556
151,31.61,31.69,31.59,31.69,16906.0,2021-12-07 09:01:00,0.10000000000000142,0.08000000000000185,31.5858
152,31.6995,31.71,31.68,31.71,25827.0,2021-12-07 09:02:00,0.030000000000001137,0.010500000000000398,31.6158
153,31.705,31.759,31.69,31.73,45705.0,2021-12-07 09:03:00,0.06899999999999906,0.02500000000000213,31.6418
154,31.72,31.87,31.72,31.8411,41061.0,2021-12-07 09:04:00,0.15000000000000213,0.12110000000000198,31.6736
155,31.8582,31.9,31.83,31.8511,52295.0,2021-12-07 09:05:00,0.07000000000000028,-0.0071000000000012164,31.729599999999998
156,31.85,31.85,31.825,31.825,11202.0,2021-12-07 09:06:00,0.02500000000000213,-0.02500000000000213,31.785800000000002
157,31.82,31.83,31.8,31.81,20442.0,2021-12-07 09:07:00,0.029999999999997584,-0.010000000000001563,31.8178
158,31.81,31.81,31.77,31.81,19984.0,2021-12-07 09:08:00,0.03999999999999915,0.0,31.8418
159,31.815,31.88,31.81,31.88,20445.0,2021-12-07 09:09:00,0.07000000000000028,0.06499999999999773,31.851999999999997
160,31.88,31.97,31.88,31.955,27246.0,2021-12-07 09:10:00,0.08999999999999986,0.07499999999999929,31.854000000000003
161,31.95,31.97,31.9422,31.9422,12992.0,2021-12-07 09:11:00,0.02779999999999916,-0.007799999999999585,31.867999999999995
162,31.95,31.95,31.87,31.9,45714.0,2021-12-07 09:12:00,0.0799999999999983,-0.05000000000000071,31.891999999999996
163,31.905,31.905,31.82,31.8525,37174.0,2021-12-07 09:13:00,0.08500000000000085,-0.05250000000000199,31.915999999999997
164,31.8502,31.87,31.81,31.815,34243.0,2021-12-07 09:14:00,0.060000000000002274,-0.035199999999999676,31.935000000000002
165,31.81,31.85,31.77,31.85,33232.0,2021-12-07 09:15:00,0.08000000000000185,0.0400000000000027,31.933
166,31.85,31.85,31.82,31.8241,17669.0,2021-12-07 09:16:00,0.030000000000001137,-0.025900000000000034,31.909000000000002
167,31.82,31.83,31.8,31.805,28501.0,2021-12-07 09:17:00,0.029999999999997584,-0.015000000000000568,31.885
168,31.8,31.86,31.76,31.85,33683.0,2021-12-07 09:18:00,0.09999999999999787,0.05000000000000071,31.861
169,31.84,31.88,31.8301,31.86,15870.0,2021-12-07 09:19:00,0.04989999999999739,0.019999999999999574,31.851999999999997
170,31.86,31.88,31.86,31.865,13351.0,2021-12-07 09:20:00,0.019999999999999574,0.004999999999999005,31.854000000000003
171,31.86,31.94,31.85,31.91,19482.0,2021-12-07 09:21:00,0.08999999999999986,0.05000000000000071,31.859999999999996
172,31.9122,31.9412,31.9,31.92,21310.0,2021-12-07 09:22:00,0.0411999999999999,0.007800000000003138,31.877999999999997
173,31.9372,31.9599,31.93,31.93,14057.0,2021-12-07 09:23:00,0.02990000000000137,-0.007200000000000983,31.900239999999997
174,31.93,31.9489,31.9,31.91,29338.0,2021-12-07 09:24:00,0.04889999999999972,-0.019999999999999574,31.92022
175,31.92,31.9565,31.92,31.9565,16125.0,2021-12-07 09:25:00,0.036499999999996646,0.036499999999996646,31.934000000000005
176,31.95,31.98,31.945,31.97,12563.0,2021-12-07 09:26:00,0.03500000000000014,0.019999999999999574,31.9493
177,31.96,31.96,31.93,31.95,14064.0,2021-12-07 09:27:00,0.030000000000001137,-0.010000000000001563,31.957299999999996
178,31.95,31.98,31.94,31.94,13041.0,2021-12-07 09:28:00,0.03999999999999915,-0.00999999999999801,31.961059999999996
179,31.93,31.94,31.9,31.94,14707.0,2021-12-07 09:29:00,0.0400000000000027,0.010000000000001563,31.96508
180,31.9288,31.95,31.91,31.92,19966.0,2021-12-07 09:30:00,0.03999999999999915,-0.008799999999997254,31.963300000000004
181,31.91,31.91,31.8519,31.86,35549.0,2021-12-07 09:31:00,0.058099999999999596,-0.05000000000000071,31.962
182,31.85,31.86,31.81,31.8125,12414.0,2021-12-07 09:32:00,0.05000000000000071,-0.03750000000000142,31.948
183,31.81,31.875,31.8,31.83,35095.0,2021-12-07 09:33:00,0.07499999999999929,0.019999999999999574,31.927999999999997
184,31.83,31.85,31.82,31.83,19069.0,2021-12-07 09:34:00,0.030000000000001137,0.0,31.907
185,31.8388,31.885,31.828,31.8801,13453.0,2021-12-07 09:35:00,0.05700000000000216,0.04129999999999967,31.889
186,31.8854,31.8854,31.84,31.84,20811.0,2021-12-07 09:36:00,0.04540000000000077,-0.04540000000000077,31.875999999999998
187,31.82,31.82,31.72,31.7703,25896.0,2021-12-07 09:37:00,0.10000000000000142,-0.04970000000000141,31.87108
188,31.78,31.7899,31.71,31.7194,112780.0,2021-12-07 09:38:00,0.07989999999999853,-0.060600000000000875,31.863080000000004
189,31.72,31.75,31.71,31.74,25684.0,2021-12-07 09:39:00,0.03999999999999915,0.019999999999999574,31.84606
190,31.73,31.86,31.73,31.86,54909.0,2021-12-07 09:40:00,0.129999999999999,0.129999999999999,31.826060000000002
191,31.85,31.8598,31.817,31.817,28673.0,2021-12-07 09:41:00,0.04279999999999973,-0.03300000000000125,31.82106
192,31.82,31.8268,31.785,31.81,13436.0,2021-12-07 09:42:00,0.041799999999998505,-0.010000000000001563,31.81594
193,31.809,31.82,31.79,31.81,7474.0,2021-12-07 09:43:00,0.030000000000001137,0.0009999999999976694,31.8173
194,31.83,31.85,31.8,31.81,10789.0,2021-12-07 09:44:00,0.05000000000000071,-0.019999999999999574,31.823319999999995
195,31.8,31.84,31.75,31.835,10597.0,2021-12-07 09:45:00,0.08999999999999986,0.03500000000000014,31.84332
196,31.83,31.87,31.81,31.87,27627.0,2021-12-07 09:46:00,0.060000000000002274,0.0400000000000027,31.839319999999997
197,31.87,31.91,31.87,31.9,8772.0,2021-12-07 09:47:00,0.03999999999999915,0.029999999999997584,31.84136
198,31.9,31.9015,31.875,31.88,16322.0,2021-12-07 09:48:00,0.026499999999998636,-0.019999999999999574,31.858000000000004
199,31.8799,31.88,31.84,31.875,17997.0,2021-12-07 09:49:00,0.03999999999999915,-0.004899999999999238,31.874299999999998
200,31.8789,31.92,31.87,31.91,12754.0,2021-12-07 09:50:00,0.05000000000000071,0.031099999999998573,31.8803
201,31.91,31.919,31.87,31.9,23784.0,2021-12-07 09:51:00,0.04899999999999949,-0.010000000000001563,31.896299999999997
202,31.9,31.91,31.9,31.9,17518.0,2021-12-07 09:52:00,0.010000000000001563,0.0,31.9061
203,31.91,31.93,31.89,31.9109,7311.0,2021-12-07 09:53:00,0.03999999999999915,0.0009000000000014552,31.9061
204,31.9158,31.9158,31.895,31.9099,4509.0,2021-12-07 09:54:00,0.020800000000001262,-0.00590000000000046,31.9118
205,31.9,31.94,31.89,31.89,24607.0,2021-12-07 09:55:00,0.05000000000000071,-0.00999999999999801,31.91896
206,31.88,31.94,31.87,31.93,24859.0,2021-12-07 09:56:00,0.07000000000000028,0.05000000000000071,31.92296
207,31.9315,31.945,31.9,31.935,17888.0,2021-12-07 09:57:00,0.045000000000001705,0.0034999999999989484,31.927160000000004
208,31.94,31.95,31.93,31.9499,17390.0,2021-12-07 09:58:00,0.019999999999999574,0.009899999999998244,31.93416
209,31.95,32.0499,31.94,32.01,66438.0,2021-12-07 09:59:00,0.10989999999999966,0.05999999999999872,31.93816
210,32.0,32.0,31.89,31.9,21764.0,2021-12-07 10:00:00,0.10999999999999943,-0.10000000000000142,31.964980000000004
211,31.91,31.925,31.89,31.91,12327.0,2021-12-07 10:01:00,0.03500000000000014,0.0,31.976980000000005
212,31.92,31.92,31.855,31.86,20414.0,2021-12-07 10:02:00,0.06500000000000128,-0.060000000000002274,31.97398
213,31.86,31.8899,31.8522,31.865,15119.0,2021-12-07 10:03:00,0.037700000000000955,0.004999999999999005,31.96898
214,31.865,31.87,31.83,31.8513,22208.0,2021-12-07 10:04:00,0.0400000000000027,-0.013700000000000045,31.956960000000002
215,31.85,31.86,31.831,31.84,16430.0,2021-12-07 10:05:00,0.028999999999999915,-0.010000000000001563,31.920979999999997
216,31.84,31.84,31.78,31.8101,32674.0,2021-12-07 10:06:00,0.05999999999999872,-0.02990000000000137,31.89298
217,31.815,31.8159,31.77,31.7775,12116.0,2021-12-07 10:07:00,0.04589999999999961,-0.03750000000000142,31.87598
218,31.77,31.7767,31.67,31.72,51305.0,2021-12-07 10:08:00,0.10670000000000002,-0.05000000000000071,31.85516
219,31.72,31.72,31.69,31.7,13004.0,2021-12-07 10:09:00,0.029999999999997584,-0.019999999999999574,31.83252
220,31.71,31.71,31.6,31.62,35297.0,2021-12-07 10:10:00,0.10999999999999943,-0.08999999999999986,31.802520000000005
221,31.626,31.6284,31.58,31.61,23136.0,2021-12-07 10:11:00,0.04840000000000089,-0.01600000000000179,31.772520000000004
222,31.6,31.6099,31.5425,31.57,11601.0,2021-12-07 10:12:00,0.06739999999999924,-0.030000000000001137,31.730200000000004
223,31.56,31.58,31.51,31.58,31629.0,2021-12-07 10:13:00,0.06999999999999673,0.019999999999999574,31.689000000000004
224,31.58,31.62,31.575,31.6,39368.0,2021-12-07 10:14:00,0.045000000000001705,0.020000000000003126,31.64966
225,31.59,31.67,31.59,31.66,22699.0,2021-12-07 10:15:00,0.08000000000000185,0.07000000000000028,31.62966
226,31.6597,31.74,31.6597,31.74,27868.0,2021-12-07 10:16:00,0.0802999999999976,0.0802999999999976,31.62166
227,31.7399,31.77,31.7399,31.765,35347.0,2021-12-07 10:17:00,0.030100000000000904,0.0251000000000019,31.64398
228,31.7575,31.78,31.7575,31.7619,22006.0,2021-12-07 10:18:00,0.022500000000000853,0.004400000000000404,31.676
229,31.76,31.8,31.76,31.79,12750.0,2021-12-07 10:19:00,0.03999999999999915,0.029999999999997584,31.715999999999998
230,31.79,31.83,31.78,31.83,9150.0,2021-12-07 10:20:00,0.04999999999999716,0.03999999999999915,31.752
231,31.84,31.86,31.8257,31.86,8396.0,2021-12-07 10:21:00,0.03429999999999822,0.019999999999999574,31.784
232,31.86,31.87,31.8385,31.84,17823.0,2021-12-07 10:22:00,0.031500000000001194,-0.019999999999999574,31.808
233,31.85,31.87,31.83,31.835,35895.0,2021-12-07 10:23:00,0.0400000000000027,-0.015000000000000568,31.827999999999996
234,31.83,31.83,31.82,31.825,18052.0,2021-12-07 10:24:00,0.00999999999999801,-0.004999999999999005,31.845999999999997
235,31.8209,31.88,31.8,31.87,12729.0,2021-12-07 10:25:00,0.0799999999999983,0.049099999999999255,31.851999999999997
236,31.87,31.9,31.82,31.84,29489.0,2021-12-07 10:26:00,0.0799999999999983,-0.030000000000001137,31.862000000000002
237,31.8225,31.865,31.82,31.85,6684.0,2021-12-07 10:27:00,0.04499999999999815,0.027499999999999858,31.869999999999997
238,31.84,31.85,31.82,31.85,8636.0,2021-12-07 10:28:00,0.030000000000001137,0.010000000000001563,31.869
239,31.85,31.85,31.78,31.83,19398.0,2021-12-07 10:29:00,0.07000000000000028,-0.020000000000003126,31.865
240,31.815,31.82,31.72,31.73,28164.0,2021-12-07 10:30:00,0.10000000000000142,-0.08500000000000085,31.869
241,31.721,31.785,31.69,31.7748,30936.0,2021-12-07 10:31:00,0.09499999999999886,0.05379999999999896,31.857
242,31.775,31.7778,31.75,31.75,11139.0,2021-12-07 10:32:00,0.02779999999999916,-0.02499999999999858,31.833999999999996
243,31.7499,31.78,31.73,31.7603,15799.0,2021-12-07 10:33:00,0.05000000000000071,0.010400000000000631,31.816560000000003
244,31.77,31.78,31.76,31.7713,2590.0,2021-12-07 10:34:00,0.019999999999999574,0.001300000000000523,31.80256
245,31.77,31.77,31.74,31.75,20847.0,2021-12-07 10:35:00,0.030000000000001137,-0.019999999999999574,31.78856
246,31.75,31.755,31.73,31.75,18390.0,2021-12-07 10:36:00,0.02499999999999858,0.0,31.77856
247,31.74,31.83,31.74,31.8258,25729.0,2021-12-07 10:37:00,0.08999999999999986,0.08580000000000254,31.77256
248,31.82,31.82,31.77,31.78,16910.0,2021-12-07 10:38:00,0.05000000000000071,-0.03999999999999915,31.782999999999998
249,31.78,31.81,31.77,31.77,12789.0,2021-12-07 10:39:00,0.03999999999999915,-0.010000000000001563,31.790999999999997
250,31.75,31.79,31.75,31.77,9822.0,2021-12-07 10:40:00,0.03999999999999915,0.019999999999999574,31.796999999999997
251,31.765,31.78,31.75,31.775,2810.0,2021-12-07 10:41:00,0.030000000000001137,0.00999999999999801,31.801
252,31.775,31.82,31.7519,31.82,10621.0,2021-12-07 10:42:00,0.06810000000000116,0.045000000000001705,31.806
253,31.815,31.8364,31.815,31.835,10856.0,2021-12-07 10:43:00,0.021399999999999864,0.019999999999999574,31.803999999999995
254,31.835,31.845,31.83,31.83,15362.0,2021-12-07 10:44:00,0.015000000000000568,-0.005000000000002558,31.80728
255,31.835,31.835,31.8,31.81,10605.0,2021-12-07 10:45:00,0.03500000000000014,-0.02500000000000213,31.814279999999997
256,31.81,31.83,31.8,31.83,8647.0,2021-12-07 10:46:00,0.029999999999997584,0.019999999999999574,31.82328
257,31.835,31.84,31.77,31.78,13196.0,2021-12-07 10:47:00,0.07000000000000028,-0.054999999999999716,31.833280000000002
258,31.7732,31.78,31.76,31.77,11124.0,2021-12-07 10:48:00,0.019999999999999574,-0.0031999999999996476,31.83728
259,31.7692,31.78,31.71,31.78,30314.0,2021-12-07 10:49:00,0.07000000000000028,0.010799999999999699,31.826
260,31.78,31.78,31.75,31.78,11789.0,2021-12-07 10:50:00,0.030000000000001137,0.0,31.813
261,31.77,31.78,31.74,31.75,12779.0,2021-12-07 10:51:00,0.0400000000000027,-0.019999999999999574,31.802
262,31.75,31.76,31.69,31.69,7638.0,2021-12-07 10:52:00,0.07000000000000028,-0.05999999999999872,31.792
263,31.7,31.79,31.6971,31.769,22677.0,2021-12-07 10:53:00,0.0929000000000002,0.06899999999999906,31.776
264,31.77,31.77,31.73,31.76,6289.0,2021-12-07 10:54:00,0.03999999999999915,-0.00999999999999801,31.778000000000002
265,31.76,31.7766,31.73,31.77,6506.0,2021-12-07 10:55:00,0.046599999999997976,0.00999999999999801,31.776000000000003
266,31.75,31.75,31.71,31.721,9632.0,2021-12-07 10:56:00,0.03999999999999915,-0.028999999999999915,31.77532
267,31.72,31.74,31.71,31.71,6566.0,2021-12-07 10:57:00,0.029999999999997584,-0.00999999999999801,31.76932
268,31.715,31.7252,31.715,31.72,12556.0,2021-12-07 10:58:00,0.010200000000001097,0.004999999999999005,31.765320000000003
269,31.72,31.75,31.71,31.7309,8906.0,2021-12-07 10:59:00,0.03999999999999915,0.010899999999999466,31.75236
270,31.73,31.74,31.69,31.74,16586.0,2021-12-07 11:00:00,0.04999999999999716,0.00999999999999801,31.74836
271,31.74,31.8,31.74,31.77,20071.0,2021-12-07 11:01:00,0.060000000000002274,0.030000000000001137,31.741039999999998
272,31.78,31.7801,31.72,31.72,6831.0,2021-12-07 11:02:00,0.06010000000000204,-0.060000000000002274,31.75104
273,31.72,31.72,31.69,31.71,8265.0,2021-12-07 11:03:00,0.029999999999997584,-0.00999999999999801,31.759059999999998
274,31.7145,31.755,31.7145,31.74,12659.0,2021-12-07 11:04:00,0.04049999999999798,0.025499999999997414,31.75802
275,31.73,31.7459,31.7012,31.7459,12755.0,2021-12-07 11:05:00,0.04469999999999885,0.01589999999999847,31.75902
276,31.74,31.75,31.66,31.665,13079.0,2021-12-07 11:06:00,0.08999999999999986,-0.07499999999999929,31.760199999999998
277,31.655,31.695,31.64,31.66,6258.0,2021-12-07 11:07:00,0.054999999999999716,0.004999999999999005,31.7502
278,31.67,31.685,31.62,31.62,13503.0,2021-12-07 11:08:00,0.06499999999999773,-0.05000000000000071,31.733179999999997
279,31.625,31.63,31.6,31.6,7335.0,2021-12-07 11:09:00,0.029999999999997584,-0.02499999999999858,31.72618
280,31.6094,31.62,31.52,31.565,26502.0,2021-12-07 11:10:00,0.10000000000000142,-0.04439999999999955,31.70118
281,31.58,31.629,31.57,31.6199,20832.0,2021-12-07 11:11:00,0.05900000000000105,0.03990000000000293,31.676
282,31.61,31.64,31.61,31.625,7887.0,2021-12-07 11:12:00,0.030000000000001137,0.015000000000000568,31.651799999999998
283,31.63,31.63,31.54,31.5417,12949.0,2021-12-07 11:13:00,0.08999999999999986,-0.08830000000000027,31.640800000000002
284,31.55,31.57,31.5,31.53,37514.0,2021-12-07 11:14:00,0.07000000000000028,-0.019999999999999574,31.6298
285,31.52,31.54,31.51,31.53,12332.0,2021-12-07 11:15:00,0.029999999999997584,0.010000000000001563,31.6178
286,31.5258,31.54,31.52,31.53,7926.0,2021-12-07 11:16:00,0.019999999999999574,0.00420000000000087,31.601799999999997
287,31.53,31.53,31.48,31.49,16463.0,2021-12-07 11:17:00,0.05000000000000071,-0.0400000000000027,31.583999999999996
288,31.49,31.5,31.42,31.42,60699.0,2021-12-07 11:18:00,0.0799999999999983,-0.06999999999999673,31.562
289,31.425,31.46,31.42,31.445,24811.0,2021-12-07 11:19:00,0.03999999999999915,0.019999999999999574,31.536
290,31.44,31.44,31.398,31.44,28909.0,2021-12-07 11:20:00,0.04200000000000159,0.0,31.514
291,31.44,31.47,31.44,31.45,17713.0,2021-12-07 11:21:00,0.029999999999997584,0.00999999999999801,31.494
292,31.46,31.4874,31.43,31.44,18908.0,2021-12-07 11:22:00,0.05740000000000123,-0.019999999999999574,31.48
293,31.445,31.445,31.3,31.32,61186.0,2021-12-07 11:23:00,0.14499999999999957,-0.125,31.471480000000003
294,31.33,31.37,31.33,31.33,38587.0,2021-12-07 11:24:00,0.0400000000000027,0.0,31.46048
295,31.33,31.3695,31.31,31.35,24280.0,2021-12-07 11:25:00,0.059499999999999886,0.020000000000003126,31.44248
296,31.36,31.42,31.35,31.42,32823.0,2021-12-07 11:26:00,0.07000000000000028,0.060000000000002274,31.428379999999997
297,31.42,31.44,31.37,31.4,95135.0,2021-12-07 11:27:00,0.07000000000000028,-0.020000000000003126,31.418380000000003
298,31.4,31.41,31.37,31.405,22767.0,2021-12-07 11:28:00,0.03999999999999915,0.005000000000002558,31.4089
299,31.41,31.45,31.4014,31.45,43300.0,2021-12-07 11:29:00,0.04860000000000042,0.03999999999999915,31.4019
300,31.4375,31.45,31.39,31.395,24020.0,2021-12-07 11:30:00,0.05999999999999872,-0.042500000000000426,31.417899999999996
301,31.4,31.49,31.3982,31.47,16529.0,2021-12-07 11:31:00,0.09179999999999922,0.07000000000000028,31.433999999999997
302,31.47,31.48,31.435,31.435,14811.0,2021-12-07 11:32:00,0.045000000000001705,-0.03500000000000014,31.448
303,31.43,31.44,31.4,31.43,25638.0,2021-12-07 11:33:00,0.0400000000000027,0.0,31.456
304,31.43,31.4366,31.4,31.4,14087.0,2021-12-07 11:34:00,0.036599999999999966,-0.030000000000001137,31.462
305,31.42,31.47,31.42,31.44,35209.0,2021-12-07 11:35:00,0.04999999999999716,0.019999999999999574,31.45932
306,31.44,31.44,31.4,31.4209,25460.0,2021-12-07 11:36:00,0.0400000000000027,-0.01910000000000167,31.46332
307,31.42,31.42,31.37,31.39,47071.0,2021-12-07 11:37:00,0.05000000000000071,-0.030000000000001137,31.45332
308,31.39,31.39,31.305,31.325,86311.0,2021-12-07 11:38:00,0.08500000000000085,-0.06500000000000128,31.441319999999997
309,31.325,31.35,31.31,31.34,37601.0,2021-12-07 11:39:00,0.0400000000000027,0.015000000000000568,31.43132
310,31.33,31.37,31.315,31.37,33650.0,2021-12-07 11:40:00,0.054999999999999716,0.0400000000000027,31.413999999999998
311,31.36,31.38,31.31,31.31,25605.0,2021-12-07 11:41:00,0.07000000000000028,-0.05000000000000071,31.394
312,31.3,31.31,31.14,31.24,162593.0,2021-12-07 11:42:00,0.16999999999999815,-0.060000000000002274,31.381999999999998
313,31.2398,31.55,31.22,31.4674,154821.0,2021-12-07 11:43:00,0.33000000000000185,0.22760000000000247,31.359999999999996
314,31.48,31.83,31.4401,31.775,118200.0,2021-12-07 11:44:00,0.38989999999999725,0.29499999999999815,31.392000000000003
315,31.78,31.78,31.55,31.63,109241.0,2021-12-07 11:45:00,0.23000000000000043,-0.15000000000000213,31.488
316,31.62,31.66,31.59,31.645,41475.0,2021-12-07 11:46:00,0.07000000000000028,0.02499999999999858,31.57
317,31.6379,31.6818,31.61,31.63,35689.0,2021-12-07 11:47:00,0.07179999999999964,-0.007899999999999352,31.625999999999998
318,31.62,31.69,31.62,31.6589,23938.0,2021-12-07 11:48:00,0.07000000000000028,0.03889999999999816,31.70036
319,31.65,31.65,31.59,31.64,18914.0,2021-12-07 11:49:00,0.05999999999999872,-0.00999999999999801,31.72836
320,31.62,31.63,31.58,31.625,31002.0,2021-12-07 11:50:00,0.05000000000000071,0.004999999999999005,31.692359999999997
321,31.63,31.66,31.61,31.655,20342.0,2021-12-07 11:51:00,0.05000000000000071,0.02500000000000213,31.66236
322,31.6591,31.7,31.64,31.64,18044.0,2021-12-07 11:52:00,0.05999999999999872,-0.01909999999999812,31.66236
323,31.63,31.68,31.62,31.67,14751.0,2021-12-07 11:53:00,0.05999999999999872,0.0400000000000027,31.665999999999997
324,31.66,31.665,31.62,31.626,11441.0,2021-12-07 11:54:00,0.04499999999999815,-0.03399999999999892,31.663999999999998
325,31.61,31.63,31.56,31.58,34028.0,2021-12-07 11:55:00,0.07000000000000028,-0.030000000000001137,31.666999999999994
326,31.5724,31.615,31.57,31.59,132674.0,2021-12-07 11:56:00,0.04499999999999815,0.017600000000001614,31.666999999999994
327,31.6,31.63,31.59,31.615,26496.0,2021-12-07 11:57:00,0.03999999999999915,0.014999999999997016,31.657999999999998
328,31.615,31.66,31.6032,31.6378,20114.0,2021-12-07 11:58:00,0.05679999999999907,0.022800000000000153,31.644
329,31.63,31.66,31.6199,31.66,14208.0,2021-12-07 11:59:00,0.040099999999998914,0.030000000000001137,31.639999999999997
330,31.66,31.66,31.58,31.58,8360.0,2021-12-07 12:00:00,0.08000000000000185,-0.08000000000000185,31.639
331,31.59,31.62,31.56,31.565,26882.0,2021-12-07 12:01:00,0.060000000000002274,-0.02499999999999858,31.645
332,31.57,31.6031,31.565,31.59,7733.0,2021-12-07 12:02:00,0.03810000000000002,0.019999999999999574,31.645999999999997
333,31.591,31.591,31.52,31.52,18603.0,2021-12-07 12:03:00,0.0710000000000015,-0.0710000000000015,31.640620000000002
334,31.53,31.55,31.52,31.55,32058.0,2021-12-07 12:04:00,0.030000000000001137,0.019999999999999574,31.62682
335,31.555,31.56,31.53,31.54,6370.0,2021-12-07 12:05:00,0.029999999999997584,-0.015000000000000568,31.60482
336,31.545,31.56,31.53,31.55,8665.0,2021-12-07 12:06:00,0.029999999999997584,0.004999999999999005,31.584819999999997
337,31.5465,31.6499,31.52,31.62,111686.0,2021-12-07 12:07:00,0.12989999999999924,0.07349999999999923,31.57282
338,31.62,31.6217,31.46,31.46,103091.0,2021-12-07 12:08:00,0.16169999999999973,-0.16000000000000014,31.58218
339,31.48,31.51,31.47,31.47,20754.0,2021-12-07 12:09:00,0.0400000000000027,-0.010000000000001563,31.58832
340,31.47,31.48,31.43,31.44,17394.0,2021-12-07 12:10:00,0.05000000000000071,-0.029999999999997584,31.58032
341,31.44,31.45,31.3701,31.405,25640.0,2021-12-07 12:11:00,0.07989999999999853,-0.03500000000000014,31.56432
342,31.41,31.42,31.385,31.41,25735.0,2021-12-07 12:12:00,0.03500000000000014,0.0,31.54232
343,31.41,31.44,31.35,31.3801,67162.0,2021-12-07 12:13:00,0.08999999999999986,-0.02990000000000137,31.496339999999996
344,31.39,31.405,31.345,31.345,72799.0,2021-12-07 12:14:00,0.060000000000002274,-0.045000000000001705,31.46
345,31.345,31.36,31.3086,31.35,20294.0,2021-12-07 12:15:00,0.051400000000001,0.005000000000002558,31.439
346,31.36,31.379,31.34,31.379,15999.0,2021-12-07 12:16:00,0.03900000000000148,0.019000000000001904,31.415
347,31.375,31.465,31.371,31.43,28433.0,2021-12-07 12:17:00,0.0940000000000012,0.054999999999999716,31.400799999999997
348,31.42,31.425,31.35,31.35,24980.0,2021-12-07 12:18:00,0.07499999999999929,-0.07000000000000028,31.4098
349,31.35,31.35,31.305,31.3299,20878.0,2021-12-07 12:19:00,0.045000000000001705,-0.020100000000002893,31.406800000000004
350,31.325,31.37,31.3224,31.335,30736.0,2021-12-07 12:20:00,0.04760000000000275,0.010000000000001563,31.3958
351,31.335,31.44,31.335,31.43,18916.0,2021-12-07 12:21:00,0.10500000000000043,0.09499999999999886,31.3978
352,31.43,31.45,31.37,31.38,47483.0,2021-12-07 12:22:00,0.0799999999999983,-0.05000000000000071,31.410000000000004
353,31.39,31.406,31.35,31.365,24601.0,2021-12-07 12:23:00,0.055999999999997385,-0.02500000000000213,31.407
354,31.37,31.3715,31.32,31.32,40907.0,2021-12-07 12:24:00,0.05150000000000077,-0.05000000000000071,31.4032
355,31.33,31.35,31.28,31.32,69791.0,2021-12-07 12:25:00,0.07000000000000028,-0.00999999999999801,31.4075
356,31.31,31.33,31.26,31.26,31059.0,2021-12-07 12:26:00,0.06999999999999673,-0.04999999999999716,31.403499999999998
357,31.265,31.29,31.22,31.255,17269.0,2021-12-07 12:27:00,0.07000000000000028,-0.010000000000001563,31.381499999999996
358,31.25,31.289,31.24,31.24,33647.0,2021-12-07 12:28:00,0.04900000000000304,-0.010000000000001563,31.3495
359,31.23,31.27,31.214,31.214,21000.0,2021-12-07 12:29:00,0.05600000000000094,-0.01600000000000179,31.326099999999997
360,31.22,31.37,31.22,31.3699,41404.0,2021-12-07 12:30:00,0.15000000000000213,0.14990000000000236,31.305799999999998
361,31.37,31.375,31.34,31.37,35342.0,2021-12-07 12:31:00,0.03500000000000014,0.0,31.309799999999996
362,31.37,31.45,31.37,31.42,61249.0,2021-12-07 12:32:00,0.0799999999999983,0.05000000000000071,31.3188
363,31.42,31.42,31.39,31.41,43934.0,2021-12-07 12:33:00,0.030000000000001137,-0.010000000000001563,31.3508
364,31.41,31.49,31.41,31.43,32700.0,2021-12-07 12:34:00,0.0799999999999983,0.019999999999999574,31.377
365,31.44,31.45,31.395,31.43,42159.0,2021-12-07 12:35:00,0.054999999999999716,-0.010000000000001563,31.421000000000003
366,31.43,31.43,31.39,31.41,26794.0,2021-12-07 12:36:00,0.03999999999999915,-0.019999999999999574,31.437
367,31.415,31.425,31.39,31.4,39334.0,2021-12-07 12:37:00,0.03500000000000014,-0.015000000000000568,31.448
368,31.41,31.41,31.31,31.32,21177.0,2021-12-07 12:38:00,0.10000000000000142,-0.08999999999999986,31.443
369,31.31,31.3199,31.26,31.315,21079.0,2021-12-07 12:39:00,0.059899999999998954,0.005000000000002558,31.441000000000003
370,31.31,31.43,31.305,31.41,44460.0,2021-12-07 12:40:00,0.125,0.10000000000000142,31.406979999999997
371,31.41,31.41,31.34,31.345,22476.0,2021-12-07 12:41:00,0.07000000000000028,-0.06500000000000128,31.402980000000003
372,31.34,31.38,31.34,31.36,22944.0,2021-12-07 12:42:00,0.03999999999999915,0.019999999999999574,31.39898
373,31.3606,31.3606,31.31,31.3212,22628.0,2021-12-07 12:43:00,0.050600000000002865,-0.039400000000000546,31.389979999999998
374,31.32,31.32,31.28,31.29,24453.0,2021-12-07 12:44:00,0.03999999999999915,-0.030000000000001137,31.3801
375,31.29,31.32,31.26,31.31,27146.0,2021-12-07 12:45:00,0.05999999999999872,0.019999999999999574,31.380119999999998
376,31.32,31.35,31.27,31.28,21075.0,2021-12-07 12:46:00,0.08000000000000185,-0.03999999999999915,31.358119999999996
377,31.28,31.307,31.27,31.29,18952.0,2021-12-07 12:47:00,0.036999999999999034,0.00999999999999801,31.346119999999996
378,31.289,31.295,31.26,31.29,23508.0,2021-12-07 12:48:00,0.03500000000000014,0.0009999999999976694,31.331519999999994
379,31.29,31.29,31.23,31.25,28319.0,2021-12-07 12:49:00,0.05999999999999872,-0.03999999999999915,31.318400000000004
380,31.24,31.28,31.192,31.2,72410.0,2021-12-07 12:50:00,0.08800000000000097,-0.03999999999999915,31.312400000000004
381,31.2,31.22,31.19,31.19,30702.0,2021-12-07 12:51:00,0.029999999999997584,-0.00999999999999801,31.304399999999998
382,31.2,31.22,31.17,31.18,38988.0,2021-12-07 12:52:00,0.04999999999999716,-0.019999999999999574,31.278399999999998
383,31.19,31.2075,31.17,31.205,40069.0,2021-12-07 12:53:00,0.03749999999999787,0.014999999999997016,31.261000000000003
384,31.21,31.275,31.2,31.2399,73337.0,2021-12-07 12:54:00,0.07499999999999929,0.029899999999997817,31.2435
385,31.23,31.27,31.17,31.2549,56744.0,2021-12-07 12:55:00,0.09999999999999787,0.024899999999998812,31.240499999999997
386,31.26,31.2878,31.22,31.26,47852.0,2021-12-07 12:56:00,0.06780000000000186,0.0,31.2385
387,31.2583,31.325,31.25,31.2899,62599.0,2021-12-07 12:57:00,0.07499999999999929,0.03160000000000096,31.252059999999993
388,31.29,31.31,31.27,31.305,60698.0,2021-12-07 12:58:00,0.03999999999999915,0.015000000000000568,31.273059999999997
389,31.305,31.31,31.26,31.27,138133.0,2021-12-07 12:59:00,0.04999999999999716,-0.03500000000000014,31.293560000000003
