,open,high,low,close,volume,date,hour
0,156.37,156.52,156.37,156.52,2640.0,2021-03-16 04:00:00,04:00:00
1,156.8,156.9,156.8,156.9,254.0,2021-03-16 04:01:00,04:01:00
2,156.73,156.82,156.7,156.82,900.0,2021-03-16 04:02:00,04:02:00
3,156.9,157.3,156.9,157.01,2698.0,2021-03-16 04:03:00,04:03:00
4,157.01,157.2,156.9,156.9,2134.0,2021-03-16 04:04:00,04:04:00
5,157.2,157.2,156.75,156.75,501.0,2021-03-16 04:05:00,04:05:00
6,157.15,157.15,157.0,157.0,1255.0,2021-03-16 04:06:00,04:06:00
7,157.0,157.0,156.34,156.34,1648.0,2021-03-16 04:07:00,04:07:00
8,156.38,156.38,156.31,156.31,551.0,2021-03-16 04:08:00,04:08:00
9,156.32,156.32,156.32,156.32,400.0,2021-03-16 04:09:00,04:09:00
10,156.5,156.5,156.5,156.5,100.0,2021-03-16 04:10:00,04:10:00
11,156.7,156.7,156.7,156.7,300.0,2021-03-16 04:11:00,04:11:00
12,156.8,156.8,156.8,156.8,373.0,2021-03-16 04:12:00,04:12:00
13,156.9,156.9,156.9,156.9,100.0,2021-03-16 04:13:00,04:13:00
14,156.96,157.12,156.96,157.0,4229.0,2021-03-16 04:14:00,04:14:00
15,157.0,157.1,157.0,157.1,313.0,2021-03-16 04:15:00,04:15:00
16,157.19,157.37,157.19,157.35,1039.0,2021-03-16 04:16:00,04:16:00
17,157.46,157.46,157.29,157.39,922.0,2021-03-16 04:17:00,04:17:00
18,157.47,157.5,157.45,157.45,836.0,2021-03-16 04:18:00,04:18:00
19,157.45,157.46,157.44,157.46,466.0,2021-03-16 04:19:00,04:19:00
20,157.45,157.45,157.42,157.42,500.0,2021-03-16 04:20:00,04:20:00
21,157.15,157.15,157.0,157.0,1296.0,2021-03-16 04:21:00,04:21:00
22,156.95,157.0,156.95,157.0,1230.0,2021-03-16 04:22:00,04:22:00
23,157.1,157.1,157.1,157.1,100.0,2021-03-16 04:23:00,04:23:00
24,157.25,157.44,157.25,157.44,865.0,2021-03-16 04:25:00,04:25:00
25,157.39,157.4,157.39,157.4,419.0,2021-03-16 04:27:00,04:27:00
26,157.45,157.45,157.3,157.44,831.0,2021-03-16 04:28:00,04:28:00
27,157.38,157.47,157.38,157.46,1020.0,2021-03-16 04:30:00,04:30:00
28,157.5,158.0,157.5,158.0,1968.0,2021-03-16 04:31:00,04:31:00
29,157.98,157.98,156.9,156.9,10110.0,2021-03-16 04:32:00,04:32:00
30,156.8,157.0,156.8,157.0,5757.0,2021-03-16 04:33:00,04:33:00
31,157.0,157.0,156.8,156.99,874.0,2021-03-16 04:34:00,04:34:00
32,156.98,157.0,156.82,157.0,5584.0,2021-03-16 04:35:00,04:35:00
33,157.0,157.0,156.98,156.99,1239.0,2021-03-16 04:36:00,04:36:00
34,156.89,157.0,156.89,156.98,4109.0,2021-03-16 04:37:00,04:37:00
35,156.97,157.0,156.2,156.2,7588.0,2021-03-16 04:38:00,04:38:00
36,156.0,156.4,155.61,155.98,5466.0,2021-03-16 04:39:00,04:39:00
37,155.9,155.9,155.61,155.81,3312.0,2021-03-16 04:40:00,04:40:00
38,155.98,155.98,155.67,155.8,3133.0,2021-03-16 04:41:00,04:41:00
39,155.7,155.88,155.68,155.88,1427.0,2021-03-16 04:42:00,04:42:00
40,155.87,156.7,155.87,156.7,2600.0,2021-03-16 04:43:00,04:43:00
41,156.5,157.3,156.3,156.98,25771.0,2021-03-16 04:44:00,04:44:00
42,156.98,157.5,156.88,157.0,6391.0,2021-03-16 04:45:00,04:45:00
43,157.05,157.1,157.05,157.1,1273.0,2021-03-16 04:46:00,04:46:00
44,157.24,157.77,157.24,157.64,9472.0,2021-03-16 04:47:00,04:47:00
45,157.64,157.65,157.5,157.62,2988.0,2021-03-16 04:48:00,04:48:00
46,157.6,157.9,157.6,157.9,6053.0,2021-03-16 04:49:00,04:49:00
47,157.91,158.0,157.38,157.9,13756.0,2021-03-16 04:50:00,04:50:00
48,157.88,158.0,157.5,157.66,8486.0,2021-03-16 04:51:00,04:51:00
49,157.85,157.85,157.66,157.76,2300.0,2021-03-16 04:52:00,04:52:00
50,157.75,157.75,157.5,157.5,6344.0,2021-03-16 04:53:00,04:53:00
51,157.66,157.85,157.66,157.85,1300.0,2021-03-16 04:54:00,04:54:00
52,157.89,158.0,157.69,158.0,18940.0,2021-03-16 04:55:00,04:55:00
53,158.0,158.0,157.72,157.88,2990.0,2021-03-16 04:56:00,04:56:00
54,157.99,158.0,157.7,158.0,8634.0,2021-03-16 04:57:00,04:57:00
55,158.0,158.3,158.0,158.3,10046.0,2021-03-16 04:58:00,04:58:00
56,158.3,158.5,158.0,158.45,10689.0,2021-03-16 04:59:00,04:59:00
57,158.56,161.2,157.8,161.2,77263.0,2021-03-16 05:00:00,05:00:00
58,161.1,161.8,160.69,160.9,29935.0,2021-03-16 05:01:00,05:01:00
59,160.9,162.0,160.9,161.65,15773.0,2021-03-16 05:02:00,05:02:00
60,161.65,161.99,161.47,161.59,7698.0,2021-03-16 05:03:00,05:03:00
61,161.5,162.0,161.0,161.0,32217.0,2021-03-16 05:04:00,05:04:00
62,161.0,161.0,159.12,159.18,23221.0,2021-03-16 05:05:00,05:05:00
63,159.11,159.51,157.25,159.33,33985.0,2021-03-16 05:06:00,05:06:00
64,159.6799,161.02,158.99,161.0,19153.0,2021-03-16 05:07:00,05:07:00
65,161.01,161.68,161.0,161.5,12764.0,2021-03-16 05:08:00,05:08:00
66,161.3,161.8,161.0,161.0,48792.0,2021-03-16 05:09:00,05:09:00
67,161.16,161.5,161.0,161.05,11147.0,2021-03-16 05:10:00,05:10:00
68,161.02,161.61,161.0,161.61,38705.0,2021-03-16 05:11:00,05:11:00
69,161.35,161.81,161.21,161.54,9063.0,2021-03-16 05:12:00,05:12:00
70,161.54,161.95,161.54,161.94,3967.0,2021-03-16 05:13:00,05:13:00
71,161.94,162.45,161.81,162.0,16368.0,2021-03-16 05:14:00,05:14:00
72,161.99,162.4,161.9,162.33,8344.0,2021-03-16 05:15:00,05:15:00
73,162.5,163.0,161.0,162.75,21164.0,2021-03-16 05:16:00,05:16:00
74,162.86,163.35,162.8,162.91,31781.0,2021-03-16 05:17:00,05:17:00
75,162.91,163.01,162.6,163.0,8529.0,2021-03-16 05:18:00,05:18:00
76,162.98,163.5,162.9,162.96,12067.0,2021-03-16 05:19:00,05:19:00
77,162.9,162.9,162.7,162.82,3454.0,2021-03-16 05:20:00,05:20:00
78,162.8,163.25,162.72,163.1,8856.0,2021-03-16 05:21:00,05:21:00
79,163.02,163.3,163.0,163.04,11791.0,2021-03-16 05:22:00,05:22:00
80,163.03,163.29,163.03,163.05,3596.0,2021-03-16 05:23:00,05:23:00
81,163.02,163.2442,163.0,163.12,5212.0,2021-03-16 05:24:00,05:24:00
82,163.11,163.11,162.6002,162.98,12301.0,2021-03-16 05:25:00,05:25:00
83,162.94,163.13,162.73,163.13,3220.0,2021-03-16 05:26:00,05:26:00
84,163.1,163.2,162.7363,162.7388,14371.0,2021-03-16 05:27:00,05:27:00
85,162.76,162.9,162.5,162.73,13023.0,2021-03-16 05:28:00,05:28:00
86,162.85,162.85,162.66,162.7,8544.0,2021-03-16 05:29:00,05:29:00
87,162.6,162.75,162.5,162.65,25875.0,2021-03-16 05:30:00,05:30:00
88,162.71,162.84,162.5,162.8,12127.0,2021-03-16 05:31:00,05:31:00
89,162.8,162.8,162.5,162.63,6764.0,2021-03-16 05:32:00,05:32:00
90,162.55,162.55,161.7,161.7,14586.0,2021-03-16 05:33:00,05:33:00
91,161.61,161.615,160.64,160.7,10245.0,2021-03-16 05:34:00,05:34:00
92,160.55,160.6,159.8,159.8,24884.0,2021-03-16 05:35:00,05:35:00
93,159.8,161.36,159.8,161.36,13310.0,2021-03-16 05:36:00,05:36:00
94,161.33,161.89,161.2,161.48,4070.0,2021-03-16 05:37:00,05:37:00
95,161.23,162.0,161.23,162.0,8830.0,2021-03-16 05:38:00,05:38:00
96,162.0,162.45,161.9,162.4,6664.0,2021-03-16 05:39:00,05:39:00
97,162.4,162.4,161.81,162.2,4998.0,2021-03-16 05:40:00,05:40:00
98,162.1,162.1,161.81,161.81,5201.0,2021-03-16 05:41:00,05:41:00
99,161.94,162.4,161.94,162.39,2599.0,2021-03-16 05:42:00,05:42:00
100,162.4,162.45,162.38,162.38,1546.0,2021-03-16 05:43:00,05:43:00
101,162.14,162.29,162.06,162.29,653.0,2021-03-16 05:44:00,05:44:00
102,162.0001,162.39,162.0001,162.3,4242.0,2021-03-16 05:45:00,05:45:00
103,162.3,162.5,162.07,162.07,10294.0,2021-03-16 05:46:00,05:46:00
104,162.16,162.16,162.0,162.0,1930.0,2021-03-16 05:47:00,05:47:00
105,162.0,162.0,161.9,161.9,514.0,2021-03-16 05:48:00,05:48:00
106,161.88,162.13,161.77,162.12,2683.0,2021-03-16 05:49:00,05:49:00
107,162.12,162.26,162.0,162.0,2624.0,2021-03-16 05:50:00,05:50:00
108,162.09,162.1,162.09,162.1,300.0,2021-03-16 05:51:00,05:51:00
109,162.02,162.02,162.0,162.0,1122.0,2021-03-16 05:52:00,05:52:00
110,161.85,161.85,161.61,161.75,1757.0,2021-03-16 05:53:00,05:53:00
111,161.6,161.7,161.6,161.6,665.0,2021-03-16 05:54:00,05:54:00
112,161.61,161.7,161.33,161.7,1735.0,2021-03-16 05:55:00,05:55:00
113,161.6,162.0,161.4,162.0,3238.0,2021-03-16 05:56:00,05:56:00
114,162.0,162.1,161.8,161.82,1767.0,2021-03-16 05:57:00,05:57:00
115,161.6218,161.84,161.5,161.5,2490.0,2021-03-16 05:58:00,05:58:00
116,161.4,161.9365,161.4,161.75,1096.0,2021-03-16 05:59:00,05:59:00
117,161.54,161.54,161.19,161.22,2981.0,2021-03-16 06:00:00,06:00:00
118,161.22,161.61,161.22,161.6,2883.0,2021-03-16 06:01:00,06:01:00
119,161.51,161.8,161.51,161.71,4250.0,2021-03-16 06:02:00,06:02:00
120,161.71,161.71,161.11,161.11,4349.0,2021-03-16 06:03:00,06:03:00
121,161.17,161.3,161.17,161.29,1730.0,2021-03-16 06:04:00,06:04:00
122,161.2,161.35,161.0,161.35,3048.0,2021-03-16 06:05:00,06:05:00
123,161.15,161.48,161.15,161.24,3123.0,2021-03-16 06:06:00,06:06:00
124,161.39,161.39,161.36,161.36,790.0,2021-03-16 06:07:00,06:07:00
125,161.3,161.3,161.3,161.3,105.0,2021-03-16 06:08:00,06:08:00
126,161.06,161.06,160.61,160.61,2757.0,2021-03-16 06:09:00,06:09:00
127,160.7,160.8,160.7,160.75,1639.0,2021-03-16 06:10:00,06:10:00
128,160.65,160.71,160.5,160.5,48335.0,2021-03-16 06:11:00,06:11:00
129,160.51,161.0,160.5,161.0,6800.0,2021-03-16 06:12:00,06:12:00
130,161.19,161.2,161.0,161.0,2900.0,2021-03-16 06:13:00,06:13:00
131,160.85,160.85,160.85,160.85,892.0,2021-03-16 06:14:00,06:14:00
132,160.8,160.8,160.5,160.69,32670.0,2021-03-16 06:15:00,06:15:00
133,160.69,161.1,160.69,160.85,4202.0,2021-03-16 06:16:00,06:16:00
134,160.75,160.75,160.6701,160.6701,518.0,2021-03-16 06:17:00,06:17:00
135,160.67,160.68,160.67,160.68,556.0,2021-03-16 06:18:00,06:18:00
136,160.69,160.695,160.5,160.5001,4862.0,2021-03-16 06:19:00,06:19:00
137,160.5,161.1,160.5,161.0,14814.0,2021-03-16 06:20:00,06:20:00
138,161.17,162.1,161.17,161.5,13347.0,2021-03-16 06:21:00,06:21:00
139,161.63,161.75,161.33,161.745,2927.0,2021-03-16 06:22:00,06:22:00
140,161.77,161.82,161.1,161.1,6178.0,2021-03-16 06:23:00,06:23:00
141,161.3,161.3,161.12,161.12,1386.0,2021-03-16 06:24:00,06:24:00
142,161.3,161.3,161.0,161.02,2039.0,2021-03-16 06:25:00,06:25:00
143,161.02,161.3125,160.9,160.9,3465.0,2021-03-16 06:26:00,06:26:00
144,160.85,160.85,160.51,160.7,1651.0,2021-03-16 06:27:00,06:27:00
145,160.7,161.5,160.7,161.22,15053.0,2021-03-16 06:28:00,06:28:00
146,161.5,161.5,161.35,161.35,1784.0,2021-03-16 06:29:00,06:29:00
147,161.42,161.5,158.8638,159.5,249239.0,2021-03-16 06:30:00,06:30:00
148,159.277,159.5865,156.68,158.84,114091.0,2021-03-16 06:31:00,06:31:00
149,158.7135,160.9292,158.7135,160.79,107830.0,2021-03-16 06:32:00,06:32:00
150,160.74,160.99,158.01,158.33,115989.0,2021-03-16 06:33:00,06:33:00
151,158.25,159.44,158.21,159.04,87330.0,2021-03-16 06:34:00,06:34:00
152,159.24,159.84,158.7722,159.57,97589.0,2021-03-16 06:35:00,06:35:00
153,159.35,160.34,159.32,160.0,122380.0,2021-03-16 06:36:00,06:36:00
154,160.03,161.51,160.03,161.23,171158.0,2021-03-16 06:37:00,06:37:00
155,161.31,163.11,161.01,162.9899,204414.0,2021-03-16 06:38:00,06:38:00
156,162.97,163.36,162.5001,163.135,244184.0,2021-03-16 06:39:00,06:39:00
157,163.135,163.48,161.64,163.05,167668.0,2021-03-16 06:40:00,06:40:00
158,162.98,164.0999,162.52,163.04,214197.0,2021-03-16 06:41:00,06:41:00
159,163.08,163.46,162.57,162.57,95673.0,2021-03-16 06:42:00,06:42:00
160,162.52,163.08,162.09,162.5,68964.0,2021-03-16 06:43:00,06:43:00
161,162.5,162.8,161.68,162.53,81498.0,2021-03-16 06:44:00,06:44:00
162,162.41,162.5,160.22,160.4,54566.0,2021-03-16 06:45:00,06:45:00
163,160.305,161.21,160.21,160.75,114615.0,2021-03-16 06:46:00,06:46:00
164,160.65,162.8,160.412,162.5,96645.0,2021-03-16 06:47:00,06:47:00
165,162.07,162.65,161.57,162.11,37280.0,2021-03-16 06:48:00,06:48:00
166,162.18,162.399,160.71,160.72,109816.0,2021-03-16 06:49:00,06:49:00
167,160.92,161.79,160.759,161.55,73185.0,2021-03-16 06:50:00,06:50:00
168,161.5235,162.18,161.24,161.82,132954.0,2021-03-16 06:51:00,06:51:00
169,161.84,162.0,161.6,161.7,40733.0,2021-03-16 06:52:00,06:52:00
170,161.8,162.5,161.715,162.005,82720.0,2021-03-16 06:53:00,06:53:00
171,161.82,162.1272,161.58,161.8,78989.0,2021-03-16 06:54:00,06:54:00
172,161.8,162.32,161.72,162.125,44371.0,2021-03-16 06:55:00,06:55:00
173,162.0684,162.6,162.0684,162.325,98326.0,2021-03-16 06:56:00,06:56:00
174,162.3175,162.45,160.8138,161.9973,130846.0,2021-03-16 06:57:00,06:57:00
175,161.9943,162.2,161.59,161.82,53211.0,2021-03-16 06:58:00,06:58:00
176,161.84,162.0,161.6,161.75,79413.0,2021-03-16 06:59:00,06:59:00
177,161.86,161.98,161.75,161.8,32977.0,2021-03-16 07:00:00,07:00:00
178,161.77,161.99,161.71,161.84,36239.0,2021-03-16 07:01:00,07:01:00
179,161.8952,161.98,161.81,161.93,24375.0,2021-03-16 07:02:00,07:02:00
180,161.855,162.44,161.71,162.33,61048.0,2021-03-16 07:03:00,07:03:00
181,162.33,162.5,162.23,162.3,51695.0,2021-03-16 07:04:00,07:04:00
182,162.43,162.43,161.6709,161.6801,46660.0,2021-03-16 07:05:00,07:05:00
183,161.835,162.2,161.6,161.805,67315.0,2021-03-16 07:06:00,07:06:00
184,161.78,161.98,161.71,161.89,46845.0,2021-03-16 07:07:00,07:07:00
185,161.88,162.3,161.6,162.16,88240.0,2021-03-16 07:08:00,07:08:00
186,162.2391,162.2391,161.83,161.87,12702.0,2021-03-16 07:09:00,07:09:00
187,161.9,161.93,161.758,161.758,18365.0,2021-03-16 07:10:00,07:10:00
188,161.76,161.96,161.72,161.81,41474.0,2021-03-16 07:11:00,07:11:00
189,161.8,162.04,161.65,162.04,80758.0,2021-03-16 07:12:00,07:12:00
190,162.04,162.5,162.01,162.331,45692.0,2021-03-16 07:13:00,07:13:00
191,162.31,162.4,162.01,162.32,23713.0,2021-03-16 07:14:00,07:14:00
192,162.39,163.0,162.1201,162.99,56768.0,2021-03-16 07:15:00,07:15:00
193,162.81,163.44,162.81,163.0,167167.0,2021-03-16 07:16:00,07:16:00
194,163.01,163.18,162.55,163.115,26761.0,2021-03-16 07:17:00,07:17:00
195,163.17,163.4,162.67,163.11,77831.0,2021-03-16 07:18:00,07:18:00
196,162.9401,162.9401,162.0301,162.54,28296.0,2021-03-16 07:19:00,07:19:00
197,162.5,162.54,161.7,161.92,27571.0,2021-03-16 07:20:00,07:20:00
198,162.0,162.48,160.9,162.2,89575.0,2021-03-16 07:21:00,07:21:00
199,162.2,162.49,161.92,161.99,9475.0,2021-03-16 07:22:00,07:22:00
200,161.92,161.92,161.61,161.82,25326.0,2021-03-16 07:23:00,07:23:00
201,161.82,162.42,161.82,162.08,48367.0,2021-03-16 07:24:00,07:24:00
202,162.24,162.3899,162.02,162.16,7891.0,2021-03-16 07:25:00,07:25:00
203,162.24,162.36,162.16,162.18,6936.0,2021-03-16 07:26:00,07:26:00
204,162.22,162.2799,161.8618,162.09,28743.0,2021-03-16 07:27:00,07:27:00
205,161.94,162.159,161.94,161.98,12678.0,2021-03-16 07:28:00,07:28:00
206,162.13,162.3,162.0,162.0525,14199.0,2021-03-16 07:29:00,07:29:00
207,162.08,162.1499,161.92,162.005,4258.0,2021-03-16 07:30:00,07:30:00
208,162.09,162.1,161.75,161.9095,20277.0,2021-03-16 07:31:00,07:31:00
209,161.93,162.1,161.89,161.92,21532.0,2021-03-16 07:32:00,07:32:00
210,161.95,162.06,161.892,161.94,9851.0,2021-03-16 07:33:00,07:33:00
211,161.93,162.0,161.82,161.95,13160.0,2021-03-16 07:34:00,07:34:00
212,161.9,162.08,161.9,161.98,23545.0,2021-03-16 07:35:00,07:35:00
213,161.98,161.98,161.78,161.8,12454.0,2021-03-16 07:36:00,07:36:00
214,161.795,162.07,161.76,161.98,52876.0,2021-03-16 07:37:00,07:37:00
215,161.96,162.0,161.52,161.7545,46203.0,2021-03-16 07:38:00,07:38:00
216,161.79,161.95,161.74,161.85,63353.0,2021-03-16 07:39:00,07:39:00
217,161.97,161.98,161.84,161.865,13295.0,2021-03-16 07:40:00,07:40:00
218,161.94,161.95,161.83,161.88,5092.0,2021-03-16 07:41:00,07:41:00
219,161.82,161.95,161.8,161.89,17627.0,2021-03-16 07:42:00,07:42:00
220,161.89,161.89,161.67,161.8,33119.0,2021-03-16 07:43:00,07:43:00
221,161.79,161.96,161.76,161.83,74537.0,2021-03-16 07:44:00,07:44:00
222,161.83,161.91,161.83,161.88,6861.0,2021-03-16 07:45:00,07:45:00
223,161.85,161.96,161.83,161.83,17783.0,2021-03-16 07:46:00,07:46:00
224,161.84,161.88,161.79,161.845,17814.0,2021-03-16 07:47:00,07:47:00
225,161.845,161.9,161.8,161.82,8841.0,2021-03-16 07:48:00,07:48:00
226,161.88,161.95,161.81,161.925,38521.0,2021-03-16 07:49:00,07:49:00
227,161.9,162.48,161.9,162.1,51259.0,2021-03-16 07:50:00,07:50:00
228,162.1,162.22,162.04,162.0535,24124.0,2021-03-16 07:51:00,07:51:00
229,162.13,162.23,162.0727,162.145,14829.0,2021-03-16 07:52:00,07:52:00
230,162.1,162.15,162.07,162.14,7309.0,2021-03-16 07:53:00,07:53:00
231,162.11,162.15,161.6001,161.825,30271.0,2021-03-16 07:54:00,07:54:00
232,161.825,162.0,161.82,161.89,34455.0,2021-03-16 07:55:00,07:55:00
233,161.85,161.89,161.05,161.44,169102.0,2021-03-16 07:56:00,07:56:00
234,161.47,161.88,161.47,161.78,122532.0,2021-03-16 07:57:00,07:57:00
235,161.78,161.97,161.75,161.89,33653.0,2021-03-16 07:58:00,07:58:00
236,161.89,162.0,161.75,161.8,69511.0,2021-03-16 07:59:00,07:59:00
237,161.88,161.9,161.81,161.86,7129.0,2021-03-16 08:00:00,08:00:00
238,161.83,161.99,161.82,161.83,38577.0,2021-03-16 08:01:00,08:01:00
239,161.855,161.97,161.811,161.91,27000.0,2021-03-16 08:02:00,08:02:00
240,161.85,162.09,161.84,161.975,39019.0,2021-03-16 08:03:00,08:03:00
241,161.975,162.1,161.87,162.1,7927.0,2021-03-16 08:04:00,08:04:00
242,162.1,162.25,162.02,162.205,13754.0,2021-03-16 08:05:00,08:05:00
243,162.205,162.2799,162.02,162.04,9170.0,2021-03-16 08:06:00,08:06:00
244,162.07,162.07,161.88,161.91,13594.0,2021-03-16 08:07:00,08:07:00
245,161.91,161.95,161.6,161.95,42598.0,2021-03-16 08:08:00,08:08:00
246,161.96,162.0,161.84,161.87,23489.0,2021-03-16 08:09:00,08:09:00
247,161.9,161.98,161.82,161.83,5469.0,2021-03-16 08:10:00,08:10:00
248,161.83,161.95,159.1,160.09,74063.0,2021-03-16 08:11:00,08:11:00
249,159.12,160.02,158.58,158.6101,45760.0,2021-03-16 08:12:00,08:12:00
250,158.61,159.6562,158.45,158.47,37646.0,2021-03-16 08:13:00,08:13:00
251,158.38,159.29,158.3001,158.5,29439.0,2021-03-16 08:14:00,08:14:00
252,158.844,158.9166,158.48,158.88,29293.0,2021-03-16 08:15:00,08:15:00
253,158.98,159.4965,158.95,159.45,23441.0,2021-03-16 08:16:00,08:16:00
254,159.4599,159.71,159.0005,159.4,35538.0,2021-03-16 08:17:00,08:17:00
255,159.26,159.3,158.6,158.6,9055.0,2021-03-16 08:18:00,08:18:00
256,158.6834,158.8,157.44,157.63,85623.0,2021-03-16 08:19:00,08:19:00
257,157.31,158.2399,157.05,157.95,37513.0,2021-03-16 08:20:00,08:20:00
258,157.88,158.31,157.2,157.2,39739.0,2021-03-16 08:21:00,08:21:00
259,157.31,157.74,157.05,157.74,29492.0,2021-03-16 08:22:00,08:22:00
260,157.8,158.0,157.62,157.7,23262.0,2021-03-16 08:23:00,08:23:00
261,157.6,157.87,157.17,157.17,12216.0,2021-03-16 08:24:00,08:24:00
262,157.12,157.1389,155.44,156.19,59891.0,2021-03-16 08:25:00,08:25:00
263,156.11,156.49,155.56,156.44,71229.0,2021-03-16 08:26:00,08:26:00
264,156.0535,156.34,155.75,155.9,27126.0,2021-03-16 08:27:00,08:27:00
265,155.7196,157.7602,155.6,157.56,42560.0,2021-03-16 08:28:00,08:28:00
266,157.56,157.59,156.31,156.824,20899.0,2021-03-16 08:29:00,08:29:00
267,156.6,157.25,156.31,156.8,11626.0,2021-03-16 08:30:00,08:30:00
268,156.65,157.4,156.65,157.28,10108.0,2021-03-16 08:31:00,08:31:00
269,157.24,157.27,157.02,157.185,1714.0,2021-03-16 08:32:00,08:32:00
270,157.11,157.79,157.11,157.66,24406.0,2021-03-16 08:33:00,08:33:00
271,157.63,157.65,156.81,156.9013,16172.0,2021-03-16 08:34:00,08:34:00
272,156.7089,156.8992,155.9001,156.365,37298.0,2021-03-16 08:35:00,08:35:00
273,156.36,156.55,155.36,155.42,47463.0,2021-03-16 08:36:00,08:36:00
274,155.55,156.25,155.3631,156.2175,33076.0,2021-03-16 08:37:00,08:37:00
275,156.22,156.48,155.9,155.9,17060.0,2021-03-16 08:38:00,08:38:00
276,155.9,156.13,155.58,156.02,30735.0,2021-03-16 08:39:00,08:39:00
277,156.02,156.085,155.8,155.8232,9491.0,2021-03-16 08:40:00,08:40:00
278,155.87,156.3,155.65,156.01,27041.0,2021-03-16 08:41:00,08:41:00
279,156.11,156.34,155.93,156.32,106193.0,2021-03-16 08:42:00,08:42:00
280,156.34,156.5,156.16,156.33,11090.0,2021-03-16 08:43:00,08:43:00
281,156.19,156.5099,156.15,156.25,12621.0,2021-03-16 08:44:00,08:44:00
282,156.4599,156.4599,156.15,156.27,11508.0,2021-03-16 08:45:00,08:45:00
283,156.2299,156.2299,155.57,155.68,23902.0,2021-03-16 08:46:00,08:46:00
284,155.59,155.9244,154.0,154.06,53560.0,2021-03-16 08:47:00,08:47:00
285,154.63,155.3499,154.06,154.7,13498.0,2021-03-16 08:48:00,08:48:00
286,154.795,154.7999,154.36,154.39,11924.0,2021-03-16 08:49:00,08:49:00
287,154.448,154.62,153.67,153.89,18229.0,2021-03-16 08:50:00,08:50:00
288,153.89,154.47,153.6873,154.0,26552.0,2021-03-16 08:51:00,08:51:00
289,154.02,154.45,154.0,154.45,19939.0,2021-03-16 08:52:00,08:52:00
290,154.45,154.9599,154.2497,154.6,23752.0,2021-03-16 08:53:00,08:53:00
291,154.57,154.89,154.4006,154.435,13281.0,2021-03-16 08:54:00,08:54:00
292,154.43,154.5,154.0,154.01,14089.0,2021-03-16 08:55:00,08:55:00
293,154.0991,154.289,154.0027,154.289,11011.0,2021-03-16 08:56:00,08:56:00
294,154.29,154.29,154.0,154.115,12357.0,2021-03-16 08:57:00,08:57:00
295,154.02,154.16,153.5,153.8,14672.0,2021-03-16 08:58:00,08:58:00
296,153.75,153.798,153.3,153.6,22915.0,2021-03-16 08:59:00,08:59:00
297,153.7765,154.4271,153.6,154.1851,27627.0,2021-03-16 09:00:00,09:00:00
298,154.04,154.92,153.78,154.33,28782.0,2021-03-16 09:01:00,09:01:00
299,154.8016,155.1,154.5,155.1,15492.0,2021-03-16 09:02:00,09:02:00
300,155.09,155.09,154.6246,154.6246,35367.0,2021-03-16 09:03:00,09:03:00
301,154.78,154.78,154.19,154.3572,7885.0,2021-03-16 09:04:00,09:04:00
302,154.3582,154.6999,154.19,154.3,6650.0,2021-03-16 09:05:00,09:05:00
303,154.2,154.3,154.0,154.3,7212.0,2021-03-16 09:06:00,09:06:00
304,154.305,154.5,154.01,154.27,6835.0,2021-03-16 09:07:00,09:07:00
305,154.22,154.2322,154.01,154.18,4378.0,2021-03-16 09:08:00,09:08:00
306,154.1,154.1,153.36,153.7141,31986.0,2021-03-16 09:09:00,09:09:00
307,153.75,153.75,153.0,153.69,37334.0,2021-03-16 09:10:00,09:10:00
308,153.495,153.576,153.0101,153.0101,14710.0,2021-03-16 09:11:00,09:11:00
309,153.1,153.49,152.39,152.39,84815.0,2021-03-16 09:12:00,09:12:00
310,152.5,152.79,152.35,152.402,14062.0,2021-03-16 09:13:00,09:13:00
311,152.44,152.6,151.6,151.9278,41640.0,2021-03-16 09:14:00,09:14:00
312,151.6,151.91,150.6,150.89,44083.0,2021-03-16 09:15:00,09:15:00
313,150.95,152.4565,150.63,151.99,33198.0,2021-03-16 09:16:00,09:16:00
314,151.9997,152.15,151.25,151.69,34652.0,2021-03-16 09:17:00,09:17:00
315,151.61,152.12,151.61,151.7329,15610.0,2021-03-16 09:18:00,09:18:00
316,151.845,152.07,151.0,151.0,36359.0,2021-03-16 09:19:00,09:19:00
317,151.4076,151.5999,151.1127,151.4736,4421.0,2021-03-16 09:20:00,09:20:00
318,151.39,151.84,151.39,151.84,5233.0,2021-03-16 09:21:00,09:21:00
319,151.8065,151.9,151.0,151.0,26252.0,2021-03-16 09:22:00,09:22:00
320,151.0,151.0,149.5,149.7,123243.0,2021-03-16 09:23:00,09:23:00
321,149.7,150.63,149.56,149.57,32539.0,2021-03-16 09:24:00,09:24:00
322,149.5627,149.77,148.0,148.36,125100.0,2021-03-16 09:25:00,09:25:00
323,148.68,149.18,148.05,148.52,45401.0,2021-03-16 09:26:00,09:26:00
324,148.54,149.18,148.5,148.53,75465.0,2021-03-16 09:27:00,09:27:00
325,148.64,149.5,148.0,149.42,55437.0,2021-03-16 09:28:00,09:28:00
326,149.39,150.9999,149.19,150.1975,38539.0,2021-03-16 09:29:00,09:29:00
327,150.2,150.48,149.2,149.9751,36130.0,2021-03-16 09:30:00,09:30:00
328,150.0,150.39,149.76,150.06,18715.0,2021-03-16 09:31:00,09:31:00
329,150.3,150.41,149.9,150.13,23275.0,2021-03-16 09:32:00,09:32:00
330,150.25,150.25,149.8,149.8015,34813.0,2021-03-16 09:33:00,09:33:00
331,149.81,149.81,149.23,149.69,17430.0,2021-03-16 09:34:00,09:34:00
332,149.53,149.8,149.36,149.8,17020.0,2021-03-16 09:35:00,09:35:00
333,149.6825,150.1669,149.645,150.0,21205.0,2021-03-16 09:36:00,09:36:00
334,150.0,150.09,149.68,149.99,10632.0,2021-03-16 09:37:00,09:37:00
335,149.9899,149.9899,149.23,149.23,9329.0,2021-03-16 09:38:00,09:38:00
336,149.33,150.09,149.282,150.09,8960.0,2021-03-16 09:39:00,09:39:00
337,150.08,150.09,149.83,149.98,5225.0,2021-03-16 09:40:00,09:40:00
338,149.895,150.15,149.895,149.9501,7111.0,2021-03-16 09:41:00,09:41:00
339,149.9823,150.1965,149.91,150.1312,28122.0,2021-03-16 09:42:00,09:42:00
340,150.06,150.1999,149.55,149.9,34598.0,2021-03-16 09:43:00,09:43:00
341,149.9,149.9,149.21,149.44,8580.0,2021-03-16 09:44:00,09:44:00
342,149.42,149.7709,149.31,149.31,3220.0,2021-03-16 09:45:00,09:45:00
343,149.32,149.51,149.0,149.32,11809.0,2021-03-16 09:46:00,09:46:00
344,149.2,149.2,148.36,148.36,21791.0,2021-03-16 09:47:00,09:47:00
345,148.4457,148.9999,148.4457,148.9999,3486.0,2021-03-16 09:48:00,09:48:00
346,148.9999,149.0,148.7,148.78,7073.0,2021-03-16 09:49:00,09:49:00
347,148.76,148.76,148.6,148.705,3327.0,2021-03-16 09:50:00,09:50:00
348,148.705,148.7123,148.46,148.514,10457.0,2021-03-16 09:51:00,09:51:00
349,148.5699,149.27,148.535,149.24,10635.0,2021-03-16 09:52:00,09:52:00
350,149.4,149.6599,149.325,149.6599,16543.0,2021-03-16 09:53:00,09:53:00
351,149.6298,150.4487,149.6298,150.33,8856.0,2021-03-16 09:54:00,09:54:00
352,150.3,150.4485,149.85,149.85,10610.0,2021-03-16 09:55:00,09:55:00
353,149.9,150.06,149.63,149.77,39568.0,2021-03-16 09:56:00,09:56:00
354,149.73,150.1399,149.73,149.92,26401.0,2021-03-16 09:57:00,09:57:00
355,150.025,150.025,149.6,149.614,12151.0,2021-03-16 09:58:00,09:58:00
356,149.65,149.65,149.02,149.22,6163.0,2021-03-16 09:59:00,09:59:00
357,149.289,149.48,149.06,149.4559,4302.0,2021-03-16 10:00:00,10:00:00
358,149.115,149.49,149.115,149.37,1366.0,2021-03-16 10:01:00,10:01:00
359,149.32,149.6,149.25,149.475,11097.0,2021-03-16 10:02:00,10:02:00
360,149.4,149.4999,149.3,149.3,7764.0,2021-03-16 10:03:00,10:03:00
361,149.21,149.87,149.21,149.7,12746.0,2021-03-16 10:04:00,10:04:00
362,149.7,150.04,149.6101,150.0,19338.0,2021-03-16 10:05:00,10:05:00
363,150.04,150.89,150.02,150.8,40005.0,2021-03-16 10:06:00,10:06:00
364,150.69,151.4,150.67,151.29,48136.0,2021-03-16 10:07:00,10:07:00
365,151.4,152.3,151.4,152.0,50812.0,2021-03-16 10:08:00,10:08:00
366,151.7875,152.17,151.5,151.745,32509.0,2021-03-16 10:09:00,10:09:00
367,151.86,152.2899,151.74,152.0,33304.0,2021-03-16 10:10:00,10:10:00
368,151.9,152.1974,151.0,151.4999,21114.0,2021-03-16 10:11:00,10:11:00
369,151.27,151.27,150.66,150.9,5817.0,2021-03-16 10:12:00,10:12:00
370,151.0,151.2399,150.3401,150.59,25268.0,2021-03-16 10:13:00,10:13:00
371,150.635,151.4499,150.5,150.5956,29697.0,2021-03-16 10:14:00,10:14:00
372,150.53,150.97,150.44,150.89,31608.0,2021-03-16 10:15:00,10:15:00
373,150.9699,151.49,150.5,151.0001,33304.0,2021-03-16 10:16:00,10:16:00
374,151.12,151.12,150.4,150.4,8613.0,2021-03-16 10:17:00,10:17:00
375,150.45,150.8,150.4,150.51,30631.0,2021-03-16 10:18:00,10:18:00
376,150.5979,150.7799,150.52,150.66,3299.0,2021-03-16 10:19:00,10:19:00
377,150.605,150.78,150.5101,150.62,2900.0,2021-03-16 10:20:00,10:20:00
378,150.78,150.78,150.221,150.34,7056.0,2021-03-16 10:21:00,10:21:00
379,150.2035,150.67,150.2,150.64,7019.0,2021-03-16 10:22:00,10:22:00
380,150.65,150.65,150.05,150.05,7418.0,2021-03-16 10:23:00,10:23:00
381,150.062,150.6099,150.0527,150.55,14270.0,2021-03-16 10:24:00,10:24:00
382,150.5,150.61,150.01,150.0501,21376.0,2021-03-16 10:25:00,10:25:00
383,150.25,150.3302,150.0,150.01,10140.0,2021-03-16 10:26:00,10:26:00
384,150.2,150.27,150.01,150.01,2138.0,2021-03-16 10:27:00,10:27:00
385,150.07,150.199,149.3,149.5,12230.0,2021-03-16 10:28:00,10:28:00
386,149.31,149.4373,149.15,149.35,4128.0,2021-03-16 10:29:00,10:29:00
387,149.4,149.534,149.24,149.305,8151.0,2021-03-16 10:30:00,10:30:00
388,149.3,149.4,148.3,148.33,50578.0,2021-03-16 10:31:00,10:31:00
389,148.3,149.0,148.21,148.935,5755.0,2021-03-16 10:32:00,10:32:00
390,149.26,149.79,149.12,149.1301,8984.0,2021-03-16 10:33:00,10:33:00
391,149.25,149.65,148.9,148.9,4269.0,2021-03-16 10:34:00,10:34:00
392,148.9,149.24,148.9,148.99,2614.0,2021-03-16 10:35:00,10:35:00
393,148.95,148.95,148.57,148.63,4154.0,2021-03-16 10:36:00,10:36:00
394,148.68,148.77,148.5322,148.76,3034.0,2021-03-16 10:37:00,10:37:00
395,148.76,149.04,148.69,149.0079,4365.0,2021-03-16 10:38:00,10:38:00
396,149.01,149.04,148.75,148.76,7104.0,2021-03-16 10:39:00,10:39:00
397,148.9,149.0,148.7,148.8,9577.0,2021-03-16 10:40:00,10:40:00
398,148.76,148.9899,148.5,148.8,15454.0,2021-03-16 10:41:00,10:41:00
399,148.8,148.805,148.28,148.33,30805.0,2021-03-16 10:42:00,10:42:00
400,148.33,148.33,148.01,148.1,18551.0,2021-03-16 10:43:00,10:43:00
401,148.12,148.45,148.0,148.1426,42155.0,2021-03-16 10:44:00,10:44:00
402,148.39,148.44,147.3,147.3,37573.0,2021-03-16 10:45:00,10:45:00
403,147.29,147.78,147.21,147.24,13889.0,2021-03-16 10:46:00,10:46:00
404,147.37,147.8,146.6701,146.76,48521.0,2021-03-16 10:47:00,10:47:00
405,146.7,147.5699,146.23,146.3565,38083.0,2021-03-16 10:48:00,10:48:00
406,146.36,146.97,146.36,146.72,7500.0,2021-03-16 10:49:00,10:49:00
407,146.73,146.76,146.5502,146.6,5157.0,2021-03-16 10:50:00,10:50:00
408,146.61,147.47,146.6027,147.2,9036.0,2021-03-16 10:51:00,10:51:00
409,147.3699,147.3699,147.03,147.21,10600.0,2021-03-16 10:52:00,10:52:00
410,147.15,147.17,146.6,146.6,5620.0,2021-03-16 10:53:00,10:53:00
411,146.58,146.8499,146.21,146.21,8365.0,2021-03-16 10:54:00,10:54:00
412,146.21,146.35,145.2,145.4,27152.0,2021-03-16 10:55:00,10:55:00
413,145.5165,146.49,145.28,146.49,9548.0,2021-03-16 10:56:00,10:56:00
414,146.6025,146.7599,146.2,146.7499,4067.0,2021-03-16 10:57:00,10:57:00
415,146.417,146.9099,146.3301,146.46,6748.0,2021-03-16 10:58:00,10:58:00
416,146.5953,147.2,146.5001,146.75,9284.0,2021-03-16 10:59:00,10:59:00
417,146.5,146.95,146.42,146.92,10773.0,2021-03-16 11:00:00,11:00:00
418,146.79,147.161,146.6,147.161,8753.0,2021-03-16 11:01:00,11:01:00
419,146.97,147.29,146.95,147.05,4020.0,2021-03-16 11:02:00,11:02:00
420,147.0,147.0,146.6801,146.75,7408.0,2021-03-16 11:03:00,11:03:00
421,146.84,146.99,146.25,146.65,17634.0,2021-03-16 11:04:00,11:04:00
422,146.9499,146.9499,146.12,146.2,25720.0,2021-03-16 11:05:00,11:05:00
423,146.198,146.6256,145.4,145.4,10957.0,2021-03-16 11:06:00,11:06:00
424,145.68,145.9,145.21,145.29,11711.0,2021-03-16 11:07:00,11:07:00
425,145.355,145.39,145.11,145.2,7619.0,2021-03-16 11:08:00,11:08:00
426,145.2,145.26,145.11,145.26,2661.0,2021-03-16 11:09:00,11:09:00
427,145.2,145.69,145.2,145.39,4067.0,2021-03-16 11:10:00,11:10:00
428,145.51,145.51,145.2,145.355,6721.0,2021-03-16 11:11:00,11:11:00
429,145.46,145.5679,145.15,145.21,3823.0,2021-03-16 11:12:00,11:12:00
430,145.21,145.23,145.12,145.15,994.0,2021-03-16 11:13:00,11:13:00
431,145.2283,145.35,145.02,145.04,12240.0,2021-03-16 11:14:00,11:14:00
432,145.0235,145.1299,144.5,144.55,57633.0,2021-03-16 11:15:00,11:15:00
433,144.5538,144.96,144.55,144.84,3999.0,2021-03-16 11:16:00,11:16:00
434,144.72,144.96,144.71,144.83,1597.0,2021-03-16 11:17:00,11:17:00
435,144.83,145.45,144.8,144.97,13729.0,2021-03-16 11:18:00,11:18:00
436,144.9126,145.07,144.57,144.57,5938.0,2021-03-16 11:19:00,11:19:00
437,144.55,144.67,144.03,144.16,11055.0,2021-03-16 11:20:00,11:20:00
438,144.03,144.285,143.3,143.56,26310.0,2021-03-16 11:21:00,11:21:00
439,143.8,143.97,143.25,143.35,15880.0,2021-03-16 11:22:00,11:22:00
440,143.275,143.5,143.0,143.315,10903.0,2021-03-16 11:23:00,11:23:00
441,143.31,143.35,143.03,143.08,8455.0,2021-03-16 11:24:00,11:24:00
442,143.05,143.1752,142.3001,142.69,50281.0,2021-03-16 11:25:00,11:25:00
443,142.3404,142.497,141.5,142.26,31332.0,2021-03-16 11:26:00,11:26:00
444,141.8938,142.9799,141.8938,142.89,12245.0,2021-03-16 11:27:00,11:27:00
445,142.94,143.46,142.76,143.01,13475.0,2021-03-16 11:28:00,11:28:00
446,143.4765,143.4899,142.52,142.76,9160.0,2021-03-16 11:29:00,11:29:00
447,142.6,143.4,142.5,143.0,10400.0,2021-03-16 11:30:00,11:30:00
448,143.02,143.21,142.8201,142.85,4960.0,2021-03-16 11:31:00,11:31:00
449,142.89,143.1099,142.83,142.99,6518.0,2021-03-16 11:32:00,11:32:00
450,142.92,143.297,142.65,143.0,9230.0,2021-03-16 11:33:00,11:33:00
451,143.0,143.1758,142.5346,142.67,9307.0,2021-03-16 11:34:00,11:34:00
452,142.6522,142.9799,142.0,142.03,15061.0,2021-03-16 11:35:00,11:35:00
453,142.315,142.315,141.5,141.5,21058.0,2021-03-16 11:36:00,11:36:00
454,141.51,141.6063,140.8101,141.0,37779.0,2021-03-16 11:37:00,11:37:00
455,141.0,141.34,140.36,140.365,11916.0,2021-03-16 11:38:00,11:38:00
456,140.37,140.79,140.3,140.4165,27083.0,2021-03-16 11:39:00,11:39:00
457,140.72,140.94,140.35,140.37,23162.0,2021-03-16 11:40:00,11:40:00
458,140.57,140.68,140.1,140.31,34837.0,2021-03-16 11:41:00,11:41:00
459,140.22,140.4498,140.1,140.1,12528.0,2021-03-16 11:42:00,11:42:00
460,140.1035,140.7773,139.81,140.645,144777.0,2021-03-16 11:43:00,11:43:00
461,140.53,140.53,139.8,139.8,25907.0,2021-03-16 11:44:00,11:44:00
462,139.86,140.0,139.0,139.25,61914.0,2021-03-16 11:45:00,11:45:00
463,139.3373,139.8845,138.98,139.46,63939.0,2021-03-16 11:46:00,11:46:00
464,139.49,139.9799,139.37,139.48,17103.0,2021-03-16 11:47:00,11:47:00
465,139.6669,139.939,139.0,139.53,46621.0,2021-03-16 11:48:00,11:48:00
466,139.52,139.6,139.0,139.05,23688.0,2021-03-16 11:49:00,11:49:00
467,139.0,139.22,138.901,138.9127,16536.0,2021-03-16 11:50:00,11:50:00
468,139.0,140.0,138.8,140.0,48477.0,2021-03-16 11:51:00,11:51:00
469,139.9801,141.23,139.9801,141.202,29400.0,2021-03-16 11:52:00,11:52:00
470,141.0001,141.53,141.0,141.24,34806.0,2021-03-16 11:53:00,11:53:00
471,141.32,142.5857,141.32,141.86,42617.0,2021-03-16 11:54:00,11:54:00
472,142.24,142.24,141.69,141.81,14253.0,2021-03-16 11:55:00,11:55:00
473,141.93,142.1999,141.81,141.96,19941.0,2021-03-16 11:56:00,11:56:00
474,141.98,142.2616,141.89,141.9,25289.0,2021-03-16 11:57:00,11:57:00
475,141.88,141.99,141.1,141.125,10548.0,2021-03-16 11:58:00,11:58:00
476,141.05,141.99,139.99,141.97,34951.0,2021-03-16 11:59:00,11:59:00
477,141.97,142.46,141.6,142.0888,24281.0,2021-03-16 12:00:00,12:00:00
478,141.84,141.94,140.64,140.78,19963.0,2021-03-16 12:01:00,12:01:00
479,140.95,141.23,140.85,141.015,13700.0,2021-03-16 12:02:00,12:02:00
480,140.82,140.88,140.3001,140.67,23863.0,2021-03-16 12:03:00,12:03:00
481,140.8799,141.23,140.7001,141.07,11660.0,2021-03-16 12:04:00,12:04:00
482,141.0,141.1199,140.51,140.51,18458.0,2021-03-16 12:05:00,12:05:00
483,140.66,141.4599,140.28,141.0101,29765.0,2021-03-16 12:06:00,12:06:00
484,140.8936,142.09,140.8936,142.0,28917.0,2021-03-16 12:07:00,12:07:00
485,142.1399,142.1999,141.5,141.61,28503.0,2021-03-16 12:08:00,12:08:00
486,141.605,141.85,141.2901,141.46,10924.0,2021-03-16 12:09:00,12:09:00
487,141.54,141.7299,141.15,141.25,7812.0,2021-03-16 12:10:00,12:10:00
488,141.29,141.35,140.95,140.95,18936.0,2021-03-16 12:11:00,12:11:00
489,140.89,141.1748,140.53,140.9,9285.0,2021-03-16 12:12:00,12:12:00
490,140.82,140.91,140.38,140.5999,19682.0,2021-03-16 12:13:00,12:13:00
491,140.44,141.3499,140.2966,141.075,12910.0,2021-03-16 12:14:00,12:14:00
492,140.8,141.095,140.67,141.095,17546.0,2021-03-16 12:15:00,12:15:00
493,141.295,141.4971,140.8,140.8,19274.0,2021-03-16 12:16:00,12:16:00
494,140.85,141.3236,140.7,141.26,14647.0,2021-03-16 12:17:00,12:17:00
495,141.03,141.72,141.03,141.06,9492.0,2021-03-16 12:18:00,12:18:00
496,141.0301,141.12,140.5276,140.5276,15809.0,2021-03-16 12:19:00,12:19:00
497,140.72,141.0,140.72,140.88,14803.0,2021-03-16 12:20:00,12:20:00
498,140.905,141.17,140.76,141.0,28828.0,2021-03-16 12:21:00,12:21:00
499,141.25,141.4999,141.0,141.34,9118.0,2021-03-16 12:22:00,12:22:00
500,141.376,141.55,141.0,141.34,26599.0,2021-03-16 12:23:00,12:23:00
501,141.19,141.54,141.19,141.39,9266.0,2021-03-16 12:24:00,12:24:00
502,141.4,141.58,141.1,141.36,13679.0,2021-03-16 12:25:00,12:25:00
503,141.33,141.38,140.76,140.76,14507.0,2021-03-16 12:26:00,12:26:00
504,140.92,141.3,140.87,141.3,9410.0,2021-03-16 12:27:00,12:27:00
505,141.2943,141.2943,140.99,141.2399,10357.0,2021-03-16 12:28:00,12:28:00
506,141.13,141.24,141.03,141.19,9968.0,2021-03-16 12:29:00,12:29:00
507,141.29,141.8899,141.14,141.87,30242.0,2021-03-16 12:30:00,12:30:00
508,141.88,142.1799,141.5,141.6216,40131.0,2021-03-16 12:31:00,12:31:00
509,141.62,141.9999,141.4,141.9899,17845.0,2021-03-16 12:32:00,12:32:00
510,141.93,143.51,141.8,143.47,59381.0,2021-03-16 12:33:00,12:33:00
511,143.47,143.58,142.66,142.84,15330.0,2021-03-16 12:34:00,12:34:00
512,142.82,143.7385,142.65,143.41,41350.0,2021-03-16 12:35:00,12:35:00
513,143.4,144.12,143.4,144.02,29389.0,2021-03-16 12:36:00,12:36:00
514,143.88,144.5991,143.88,144.0601,32300.0,2021-03-16 12:37:00,12:37:00
515,144.09,144.4199,142.25,143.26,33006.0,2021-03-16 12:38:00,12:38:00
516,143.1,143.5,142.6,142.63,18149.0,2021-03-16 12:39:00,12:39:00
517,142.8,143.13,142.2,142.94,34971.0,2021-03-16 12:40:00,12:40:00
518,142.54,144.0,142.54,143.075,23896.0,2021-03-16 12:41:00,12:41:00
519,143.0,143.2999,142.56,143.005,23889.0,2021-03-16 12:42:00,12:42:00
520,143.005,143.4399,142.83,142.92,16442.0,2021-03-16 12:43:00,12:43:00
521,142.9705,143.3299,142.49,142.72,25362.0,2021-03-16 12:44:00,12:44:00
522,142.865,143.4899,142.765,143.125,34452.0,2021-03-16 12:45:00,12:45:00
523,143.3099,143.3099,142.6001,142.8,33125.0,2021-03-16 12:46:00,12:46:00
524,142.78,142.9699,142.49,142.63,34611.0,2021-03-16 12:47:00,12:47:00
525,142.5,143.2799,142.5,143.02,33607.0,2021-03-16 12:48:00,12:48:00
526,143.15,143.15,142.59,142.96,34809.0,2021-03-16 12:49:00,12:49:00
527,142.9,143.14,142.64,143.04,37272.0,2021-03-16 12:50:00,12:50:00
528,143.05,143.49,142.8,143.48,27442.0,2021-03-16 12:51:00,12:51:00
529,143.4999,143.4999,143.0,143.3109,13663.0,2021-03-16 12:52:00,12:52:00
530,143.31,144.47,143.13,144.4,40260.0,2021-03-16 12:53:00,12:53:00
531,144.45,144.9,144.01,144.2883,53398.0,2021-03-16 12:54:00,12:54:00
532,144.08,144.27,142.6101,142.935,65102.0,2021-03-16 12:55:00,12:55:00
533,143.16,143.28,141.5,141.745,96734.0,2021-03-16 12:56:00,12:56:00
534,141.755,141.9999,141.5,141.61,68404.0,2021-03-16 12:57:00,12:57:00
535,141.66,141.85,140.98,141.08,96533.0,2021-03-16 12:58:00,12:58:00
536,141.08,142.3645,141.05,142.08,108199.0,2021-03-16 12:59:00,12:59:00
537,142.22,142.55,142.22,142.51,69939.0,2021-03-16 13:00:00,13:00:00
538,142.55,142.66,142.55,142.66,400.0,2021-03-16 13:01:00,13:01:00
539,142.8039,143.0,142.8039,143.0,928.0,2021-03-16 13:02:00,13:02:00
540,143.18,143.2,142.6,142.98,5275.0,2021-03-16 13:03:00,13:03:00
541,142.99,142.99,142.9,142.9,240.0,2021-03-16 13:04:00,13:04:00
542,142.9,142.9,142.7,142.7,461.0,2021-03-16 13:05:00,13:05:00
543,142.7,142.7,142.68,142.68,771.0,2021-03-16 13:06:00,13:06:00
544,142.7,143.0,142.7,143.0,3403.0,2021-03-16 13:07:00,13:07:00
545,143.3,143.3,143.25,143.25,298.0,2021-03-16 13:08:00,13:08:00
546,143.3,143.3,143.3,143.3,100.0,2021-03-16 13:09:00,13:09:00
547,143.04,143.04,143.02,143.02,200.0,2021-03-16 13:11:00,13:11:00
548,143.0,143.0,142.8,142.8,2141.0,2021-03-16 13:12:00,13:12:00
549,142.7,143.0,142.6,142.6,3869.0,2021-03-16 13:13:00,13:13:00
550,142.71,142.71,142.5,142.7,983.0,2021-03-16 13:14:00,13:14:00
551,143.0,143.0,142.98,143.0,1265.0,2021-03-16 13:15:00,13:15:00
552,143.0,143.12,143.0,143.12,398.0,2021-03-16 13:17:00,13:17:00
553,143.0,143.0,142.71,142.71,318.0,2021-03-16 13:18:00,13:18:00
554,142.7,142.99,142.7,142.99,200.0,2021-03-16 13:19:00,13:19:00
555,143.0,143.0,142.98,143.0,1409.0,2021-03-16 13:21:00,13:21:00
556,143.04,143.04,142.98,143.02,322.0,2021-03-16 13:22:00,13:22:00
557,143.02,143.02,143.02,143.02,400.0,2021-03-16 13:23:00,13:23:00
558,143.0,143.0,143.0,143.0,916.0,2021-03-16 13:24:00,13:24:00
559,143.01,143.01,143.01,143.01,100.0,2021-03-16 13:25:00,13:25:00
560,143.2,143.2,143.2,143.2,400.0,2021-03-16 13:26:00,13:26:00
561,143.2,143.2,143.2,143.2,400.0,2021-03-16 13:27:00,13:27:00
562,143.15,143.15,143.15,143.15,401.0,2021-03-16 13:28:00,13:28:00
563,143.0,143.0,143.0,143.0,245.0,2021-03-16 13:29:00,13:29:00
564,142.98,142.98,142.98,142.98,100.0,2021-03-16 13:30:00,13:30:00
565,142.98,142.98,142.98,142.98,442.0,2021-03-16 13:31:00,13:31:00
566,142.91,142.91,142.91,142.91,100.0,2021-03-16 13:33:00,13:33:00
567,142.91,142.95,142.91,142.91,508.0,2021-03-16 13:34:00,13:34:00
568,142.91,142.91,142.9,142.9,723.0,2021-03-16 13:35:00,13:35:00
569,142.98,142.98,142.98,142.98,169.0,2021-03-16 13:36:00,13:36:00
570,142.98,143.0,142.98,143.0,907.0,2021-03-16 13:37:00,13:37:00
571,143.1,143.16,143.1,143.16,567.0,2021-03-16 13:38:00,13:38:00
572,143.16,143.81,143.16,143.81,2914.0,2021-03-16 13:39:00,13:39:00
573,143.55,143.55,143.2,143.2,1351.0,2021-03-16 13:41:00,13:41:00
574,143.27,143.27,143.27,143.27,250.0,2021-03-16 13:44:00,13:44:00
575,143.55,143.55,143.55,143.55,150.0,2021-03-16 13:45:00,13:45:00
576,143.57,143.57,143.57,143.57,113.0,2021-03-16 13:49:00,13:49:00
577,143.41,143.41,143.2,143.2,400.0,2021-03-16 13:50:00,13:50:00
578,143.44,143.44,143.44,143.44,300.0,2021-03-16 13:51:00,13:51:00
579,143.4,143.44,142.96,142.96,650.0,2021-03-16 13:54:00,13:54:00
580,143.0,143.0,143.0,143.0,293.0,2021-03-16 13:55:00,13:55:00
581,143.43,143.43,143.43,143.43,207.0,2021-03-16 13:57:00,13:57:00
582,143.42,143.42,143.42,143.42,200.0,2021-03-16 13:59:00,13:59:00
583,143.38,143.38,143.38,143.38,100.0,2021-03-16 14:01:00,14:01:00
584,143.32,143.32,143.32,143.32,100.0,2021-03-16 14:02:00,14:02:00
585,143.4,143.4,143.4,143.4,500.0,2021-03-16 14:03:00,14:03:00
586,143.35,143.35,143.35,143.35,241.0,2021-03-16 14:05:00,14:05:00
587,143.1,143.1,143.1,143.1,100.0,2021-03-16 14:06:00,14:06:00
588,143.32,143.32,143.28,143.28,1691.0,2021-03-16 14:09:00,14:09:00
589,143.36,143.48,143.36,143.48,400.0,2021-03-16 14:14:00,14:14:00
590,143.38,143.48,143.38,143.48,1272.0,2021-03-16 14:15:00,14:15:00
591,143.44,143.44,143.44,143.44,200.0,2021-03-16 14:16:00,14:16:00
592,143.28,143.28,142.22,142.22,24174.0,2021-03-16 14:17:00,14:17:00
593,143.32,143.32,143.32,143.32,408.0,2021-03-16 14:18:00,14:18:00
594,143.42,143.42,143.42,143.42,197.0,2021-03-16 14:19:00,14:19:00
595,143.47,143.47,143.47,143.47,200.0,2021-03-16 14:23:00,14:23:00
596,143.46,143.6,143.46,143.6,2357.0,2021-03-16 14:25:00,14:25:00
597,143.79,143.87,143.79,143.87,1100.0,2021-03-16 14:26:00,14:26:00
598,143.86,143.86,143.86,143.86,200.0,2021-03-16 14:28:00,14:28:00
599,143.86,143.86,143.86,143.86,100.0,2021-03-16 14:29:00,14:29:00
600,143.65,143.65,143.65,143.65,298.0,2021-03-16 14:32:00,14:32:00
601,143.9,143.92,143.9,143.92,295.0,2021-03-16 14:33:00,14:33:00
602,143.99,144.0,143.95,144.0,3991.0,2021-03-16 14:36:00,14:36:00
603,144.06,144.06,144.06,144.06,100.0,2021-03-16 14:37:00,14:37:00
604,144.35,144.35,144.35,144.35,200.0,2021-03-16 14:40:00,14:40:00
605,144.25,144.25,144.25,144.25,100.0,2021-03-16 14:41:00,14:41:00
606,144.25,144.25,144.25,144.25,200.0,2021-03-16 14:43:00,14:43:00
607,144.25,144.25,144.25,144.25,609.0,2021-03-16 14:44:00,14:44:00
608,144.23,144.23,144.23,144.23,245.0,2021-03-16 14:46:00,14:46:00
609,144.01,144.01,144.01,144.01,100.0,2021-03-16 14:49:00,14:49:00
610,144.0,144.05,143.92,143.92,7014.0,2021-03-16 14:50:00,14:50:00
611,144.01,144.05,143.92,143.92,7704.0,2021-03-16 14:51:00,14:51:00
612,143.96,143.96,143.96,143.96,500.0,2021-03-16 14:56:00,14:56:00
613,144.0,144.0,144.0,144.0,550.0,2021-03-16 14:57:00,14:57:00
614,144.0,144.0,144.0,144.0,100.0,2021-03-16 14:58:00,14:58:00
615,143.95,143.95,143.95,143.95,100.0,2021-03-16 14:59:00,14:59:00
616,143.95,143.95,143.8,143.8,821.0,2021-03-16 15:01:00,15:01:00
617,143.8,143.8,143.8,143.8,300.0,2021-03-16 15:03:00,15:03:00
618,143.96,143.96,143.96,143.96,100.0,2021-03-16 15:05:00,15:05:00
619,143.8,143.8,143.8,143.8,200.0,2021-03-16 15:07:00,15:07:00
620,143.8,143.8,143.8,143.8,100.0,2021-03-16 15:08:00,15:08:00
621,143.94,143.96,143.94,143.96,406.0,2021-03-16 15:12:00,15:12:00
622,143.94,143.94,143.94,143.94,100.0,2021-03-16 15:13:00,15:13:00
623,144.2,144.2,144.2,144.2,300.0,2021-03-16 15:17:00,15:17:00
624,144.25,144.25,144.25,144.25,1000.0,2021-03-16 15:18:00,15:18:00
625,144.25,144.25,144.25,144.25,227.0,2021-03-16 15:20:00,15:20:00
626,144.4,144.4,144.4,144.4,100.0,2021-03-16 15:22:00,15:22:00
627,144.39,144.4,144.37,144.4,477.0,2021-03-16 15:24:00,15:24:00
628,144.35,144.35,144.35,144.35,150.0,2021-03-16 15:25:00,15:25:00
629,144.37,144.37,144.37,144.37,500.0,2021-03-16 15:26:00,15:26:00
630,144.39,144.39,144.39,144.39,316.0,2021-03-16 15:27:00,15:27:00
631,144.37,144.4,144.37,144.4,764.0,2021-03-16 15:29:00,15:29:00
632,144.39,144.39,144.39,144.39,1275.0,2021-03-16 15:30:00,15:30:00
633,144.37,144.37,144.25,144.25,1290.0,2021-03-16 15:32:00,15:32:00
634,144.2,144.25,144.2,144.25,511.0,2021-03-16 15:34:00,15:34:00
635,144.2,144.2,144.2,144.2,714.0,2021-03-16 15:35:00,15:35:00
636,144.19,144.19,144.19,144.19,388.0,2021-03-16 15:38:00,15:38:00
637,144.1899,144.19,144.1899,144.19,1554.0,2021-03-16 15:41:00,15:41:00
638,144.19,144.19,144.19,144.19,474.0,2021-03-16 15:42:00,15:42:00
639,144.14,144.14,144.14,144.14,101.0,2021-03-16 15:44:00,15:44:00
640,144.1,144.1,144.0,144.0,1026.0,2021-03-16 15:45:00,15:45:00
641,144.07,144.07,144.07,144.07,100.0,2021-03-16 15:46:00,15:46:00
642,143.9,143.9,143.85,143.88,1229.0,2021-03-16 15:47:00,15:47:00
643,143.86,143.86,143.86,143.86,193.0,2021-03-16 15:48:00,15:48:00
644,143.99,143.99,143.99,143.99,101.0,2021-03-16 15:49:00,15:49:00
645,143.99,144.0,143.99,144.0,231.0,2021-03-16 15:50:00,15:50:00
646,144.07,144.07,144.07,144.07,973.0,2021-03-16 15:51:00,15:51:00
647,144.08,144.08,144.08,144.08,100.0,2021-03-16 15:52:00,15:52:00
648,144.12,144.15,144.12,144.15,1085.0,2021-03-16 15:53:00,15:53:00
649,144.18,144.18,144.18,144.18,254.0,2021-03-16 15:54:00,15:54:00
650,144.18,144.19,144.18,144.19,601.0,2021-03-16 15:57:00,15:57:00
651,144.08,144.08,144.08,144.08,465.0,2021-03-16 15:59:00,15:59:00
652,144.17,144.17,144.17,144.17,202.0,2021-03-16 16:00:00,16:00:00
653,144.07,144.07,144.07,144.07,100.0,2021-03-16 16:01:00,16:01:00
654,144.2,144.28,144.0,144.0,2039.0,2021-03-16 16:04:00,16:04:00
655,144.01,144.02,144.01,144.02,217.0,2021-03-16 16:05:00,16:05:00
656,144.18,144.18,144.18,144.18,359.0,2021-03-16 16:07:00,16:07:00
657,144.18,144.18,144.17,144.17,200.0,2021-03-16 16:10:00,16:10:00
658,144.05,144.05,144.0,144.0,921.0,2021-03-16 16:11:00,16:11:00
659,144.0,144.0,144.0,144.0,100.0,2021-03-16 16:12:00,16:12:00
660,144.0,144.0,144.0,144.0,295.0,2021-03-16 16:13:00,16:13:00
661,144.0,144.0,144.0,144.0,100.0,2021-03-16 16:14:00,16:14:00
662,144.0,144.0,144.0,144.0,940.0,2021-03-16 16:16:00,16:16:00
663,143.95,143.95,143.95,143.95,191.0,2021-03-16 16:19:00,16:19:00
664,143.95,143.95,143.95,143.95,100.0,2021-03-16 16:20:00,16:20:00
665,143.95,143.95,143.95,143.95,193.0,2021-03-16 16:22:00,16:22:00
666,144.0,144.0,143.95,143.95,531.0,2021-03-16 16:23:00,16:23:00
667,144.0,144.0,144.0,144.0,591.0,2021-03-16 16:25:00,16:25:00
668,143.95,143.95,143.95,143.95,264.0,2021-03-16 16:26:00,16:26:00
669,143.95,143.95,143.95,143.95,485.0,2021-03-16 16:27:00,16:27:00
670,144.4,145.0,143.92,143.92,2945.0,2021-03-16 16:28:00,16:28:00
671,144.0,144.0,144.0,144.0,100.0,2021-03-16 16:29:00,16:29:00
672,144.05,144.1,144.02,144.02,413.0,2021-03-16 16:31:00,16:31:00
673,144.08,144.22,144.08,144.22,1677.0,2021-03-16 16:32:00,16:32:00
674,144.19,144.28,144.19,144.25,1401.0,2021-03-16 16:33:00,16:33:00
675,144.24,144.24,144.18,144.18,700.0,2021-03-16 16:34:00,16:34:00
676,144.19,144.19,144.15,144.15,427.0,2021-03-16 16:35:00,16:35:00
677,144.0,144.01,144.0,144.01,200.0,2021-03-16 16:36:00,16:36:00
678,144.01,144.01,144.01,144.01,314.0,2021-03-16 16:37:00,16:37:00
679,144.02,144.09,144.02,144.09,952.0,2021-03-16 16:39:00,16:39:00
680,144.15,144.3,144.15,144.3,2265.0,2021-03-16 16:40:00,16:40:00
681,144.36,144.37,144.36,144.37,2620.0,2021-03-16 16:41:00,16:41:00
682,144.37,144.37,144.3,144.3,600.0,2021-03-16 16:42:00,16:42:00
683,144.3,144.3,144.0,144.0,670.0,2021-03-16 16:43:00,16:43:00
684,144.05,144.05,144.01,144.01,800.0,2021-03-16 16:44:00,16:44:00
685,144.05,144.05,144.05,144.05,295.0,2021-03-16 16:45:00,16:45:00
686,144.08,144.08,144.05,144.05,309.0,2021-03-16 16:46:00,16:46:00
687,144.09,144.09,144.01,144.06,735.0,2021-03-16 16:47:00,16:47:00
688,144.02,144.05,144.02,144.05,284.0,2021-03-16 16:48:00,16:48:00
689,144.09,144.09,144.07,144.07,744.0,2021-03-16 16:49:00,16:49:00
690,144.09,144.09,144.07,144.07,259.0,2021-03-16 16:50:00,16:50:00
691,144.05,144.1,144.05,144.1,1909.0,2021-03-16 16:51:00,16:51:00
692,144.08,144.09,144.08,144.09,1000.0,2021-03-16 16:52:00,16:52:00
693,144.09,144.09,144.07,144.07,675.0,2021-03-16 16:53:00,16:53:00
694,144.01,144.01,144.0,144.01,958.0,2021-03-16 16:54:00,16:54:00
695,144.01,144.01,143.88,143.88,1440.0,2021-03-16 16:55:00,16:55:00
696,143.88,143.88,143.85,143.86,823.0,2021-03-16 16:56:00,16:56:00
697,143.89,144.05,143.89,143.9,755.0,2021-03-16 16:57:00,16:57:00
698,143.89,143.89,143.89,143.89,1095.0,2021-03-16 16:58:00,16:58:00
699,143.88,143.88,143.85,143.85,1249.0,2021-03-16 16:59:00,16:59:00
